file_name,cry,others,prediction
006dbee7-715a-46ee-b592-1c4e7affb788-1430218353124-1.7-f-26-hu.wav,0.22486671805381775,0.7021214962005615,NEGITIVE
01a592eb-513d-4431-b7ba-b0fba5a00908-1430339263195-1.7-m-04-hu.wav,0.3264564275741577,0.37592577934265137,NEGITIVE
026895D0-6B93-4D1F-846F-AA279AD33991-1436865240-1.1-m-04-hu.wav,0,0.9998657703399658,NEGITIVE
026895D0-6B93-4D1F-846F-AA279AD33991-1436865250-1.1-m-04-hu.wav,0,0.9997751712799072,NEGITIVE
02c3b725-26e4-4a2c-9336-04ddc58836d9-1430726196216-1.7-m-04-hu.wav,0.931190013885498,0,POSITIVE
02ead89b-aa02-453e-8b83-6ebde9fe7551-1430233132879-1.7-m-26-hu.wav,0.8289934396743774,0.14423003792762756,POSITIVE
02ead89b-aa02-453e-8b83-6ebde9fe7551-1430233150868-1.7-m-26-hu.wav,0.296009361743927,0.6085027456283569,NEGITIVE
035c6b30-a145-42b9-8d0f-445cd9003d2c-1435948197257-1.7-m-04-hu.wav,0.9514368772506714,0,POSITIVE
03ADDCFB-354E-416D-BF32-260CF47F7060-1433658024-1.1-f-04-ti.wav,0.9869012832641602,0,POSITIVE
03abcb8f-400a-47d8-ad82-7e4586cc06be-1431864192133-1.7-f-48-hu.wav,0.9890021085739136,0,POSITIVE
045C5483-69E1-4BEC-B1D8-9286D174B9B2-1430102996-1.0-m-04-hu.wav,0.932988166809082,0,POSITIVE
045C5483-69E1-4BEC-B1D8-9286D174B9B2-1430103028-1.0-m-04-hu.wav,0.9632975459098816,0,POSITIVE
04c3386b-e6bc-4bd0-8456-d46ae21a73fc-1435305829013-1.7-f-26-hu.wav,0.9420286417007446,0,POSITIVE
05E6E747-8EB8-430B-A43B-28AE49C371B2-1430534797-1.0-m-04-hu.wav,0.7196825742721558,0.19586119055747986,POSITIVE
068D207A-F8A7-4884-9931-2E65C4D499E3-1429988689-1.0-m-04-hu.wav,0,0.9352823495864868,NEGITIVE
068D207A-F8A7-4884-9931-2E65C4D499E3-1431150844-1.0-m-04-hu.wav,0.26526424288749695,0.6602537631988525,NEGITIVE
068D207A-F8A7-4884-9931-2E65C4D499E3-1431150859-1.0-m-04-hu.wav,0,0.9923727512359619,NEGITIVE
068D207A-F8A7-4884-9931-2E65C4D499E3-1431150894-1.0-m-04-hu.wav,0,0.881149172782898,NEGITIVE
06c4cfa2-7fa6-4fda-91a1-ea186a4acc64-1430029221058-1.7-f-26-ti.wav,0.8988300561904907,0,POSITIVE
06c4cfa2-7fa6-4fda-91a1-ea186a4acc64-1430029237378-1.7-f-26-ti.wav,0.9506086111068726,0,POSITIVE
06c4cfa2-7fa6-4fda-91a1-ea186a4acc64-1430029246453-1.7-f-26-ti.wav,0.9049584865570068,0,POSITIVE
0776b33b-c41a-4a2e-8b9c-f1c184be00c8-1437108506795-1.7-m-04-hu.wav,0.5976589322090149,0.31106600165367126,POSITIVE
0776b33b-c41a-4a2e-8b9c-f1c184be00c8-1437123838264-1.7-f-26-hu.wav,0.9645261764526367,0,POSITIVE
08E9485B-2772-444B-A636-77E14DD14A8C-1431493441-1.0-m-04-hu.wav,0.41703763604164124,0.49808424711227417,NEGITIVE
08E9485B-2772-444B-A636-77E14DD14A8C-1431493453-1.0-m-04-hu.wav,0.6523460149765015,0.2886393070220947,POSITIVE
090C15A8-5406-4EA5-97A3-81F6527227C0-1430147515-1.0-m-72-hu.wav,0.8167517185211182,0.1523844599723816,POSITIVE
090C15A8-5406-4EA5-97A3-81F6527227C0-1430147525-1.0-m-72-hu.wav,0,0.9953645467758179,NEGITIVE
090C15A8-5406-4EA5-97A3-81F6527227C0-1430147533-1.0-m-72-hu.wav,0.9539059400558472,0,POSITIVE
090C15A8-5406-4EA5-97A3-81F6527227C0-1430147582-1.0-m-72-hu.wav,0.9735558032989502,0,POSITIVE
090C15A8-5406-4EA5-97A3-81F6527227C0-1431333076-1.0-m-72-hu.wav,0.9907036423683167,0,POSITIVE
09b8623e-389b-4df9-a099-0608b66c319f-1430021110956-1.7-m-04-hu.wav,0.450334370136261,0.4297686815261841,POSITIVE
0D1AD73E-4C5E-45F3-85C4-9A3CB71E8856-1430738409-1.0-m-04-hu.wav,0,0.9998009204864502,NEGITIVE
0D1AD73E-4C5E-45F3-85C4-9A3CB71E8856-1430742197-1.0-m-04-hu.wav,0.9728026390075684,0,POSITIVE
0D1AD73E-4C5E-45F3-85C4-9A3CB71E8856-1434281991-1.1-f-04-bp.wav,0.20703965425491333,0.7078653573989868,NEGITIVE
0D1AD73E-4C5E-45F3-85C4-9A3CB71E8856-1434282085-1.1-f-04-dc.wav,0,0.9886751174926758,NEGITIVE
0F4B1065-4012-47C8-88B7-ACE11B1A536E-1430038775-1.0-m-04-hu.wav,0.9568997621536255,0,POSITIVE
0F58D5CD-F5D8-4073-B50D-B4AE622C1B51-1430766473-1.0-m-04-hu.wav,0.12877899408340454,0.7817710041999817,NEGITIVE
0FDFDED3-9171-4F10-92A5-3187AE205BFB-1436219426-1.1-m-04-hu.wav,0,0.993064820766449,NEGITIVE
0a983cd2-0078-4698-a048-99ac01eb167a-1433917038889-1.7-f-04-hu.wav,0.9298244714736938,0,POSITIVE
0c8f14a9-6999-485b-97a2-913c1cbf099c-1430730731842-1.7-m-26-hu.wav,0,0.9785512685775757,NEGITIVE
0c8f14a9-6999-485b-97a2-913c1cbf099c-1430760379259-1.7-m-26-hu.wav,0.3651581406593323,0.5395562648773193,NEGITIVE
0c8f14a9-6999-485b-97a2-913c1cbf099c-1430760394426-1.7-m-26-hu.wav,0.8762373328208923,0.11215759813785553,POSITIVE
0e18b07e-760a-4b94-9987-04b00e9cf8c5-1436850595890-1.7-m-26-hu.wav,0.16029761731624603,0.7807090282440186,NEGITIVE
0e18b07e-760a-4b94-9987-04b00e9cf8c5-1436850644838-1.7-f-26-hu.wav,0,0.910015344619751,NEGITIVE
0e18b07e-760a-4b94-9987-04b00e9cf8c5-1436850664583-1.7-f-26-hu.wav,0,0.9498261213302612,NEGITIVE
0f257dac-7d6f-4575-9192-e3b4dcd3d4ef-1430185441581-1.7-f-26-hu.wav,0.9591032266616821,0,POSITIVE
10153248-c202-4ed0-a4f1-3c79d1f215d6-1430741318946-1.7-m-04-hu.wav,0.8314679861068726,0.13058969378471375,POSITIVE
101c6709-39fb-44dc-b905-7cbeed5714a2-1434361963544-1.7-f-04-hu.wav,0.8621928691864014,0.11736854910850525,POSITIVE
10A40438-09AA-4A21-83B4-8119F03F7A11-1430848034-1.0-f-26-hu.wav,0.9749523401260376,0,POSITIVE
10A40438-09AA-4A21-83B4-8119F03F7A11-1430848060-1.0-f-26-hu.wav,0.9857311248779297,0,POSITIVE
10A40438-09AA-4A21-83B4-8119F03F7A11-1430848070-1.0-f-26-hu.wav,0.9764410853385925,0,POSITIVE
10A40438-09AA-4A21-83B4-8119F03F7A11-1430848101-1.0-f-26-hu.wav,0.9860532879829407,0,POSITIVE
10A40438-09AA-4A21-83B4-8119F03F7A11-1430925142-1.0-f-26-dc.wav,0.9765344262123108,0,POSITIVE
10A40438-09AA-4A21-83B4-8119F03F7A11-1430925172-1.0-f-26-hu.wav,0.9854412078857422,0,POSITIVE
10d27991-f66a-4772-8cff-ead61f159a4c-1436852257480-1.7-m-04-hu.wav,0.9474630355834961,0,POSITIVE
10d27991-f66a-4772-8cff-ead61f159a4c-1436866835842-1.7-m-04-hu.wav,0.4490194022655487,0.40364935994148254,POSITIVE
11417AC2-DCC9-48CD-8177-CA8665E51B2F-1436881489-1.1-m-48-hu.wav,0.939789891242981,0,POSITIVE
11417AC2-DCC9-48CD-8177-CA8665E51B2F-1436881512-1.1-m-48-dc.wav,0.8965387344360352,0,POSITIVE
123dcdbd-c261-41cc-a575-24769c5a5aa7-1430026558922-1.7-m-72-hu.wav,0.7524394392967224,0.1528829038143158,POSITIVE
1259bcad-2308-46fa-9a36-b5d8f359886a-1430143617162-1.7-m-04-hu.wav,0.9291871190071106,0,POSITIVE
1259bcad-2308-46fa-9a36-b5d8f359886a-1430143644843-1.7-f-04-hu.wav,0.978502631187439,0,POSITIVE
1259bcad-2308-46fa-9a36-b5d8f359886a-1430143668806-1.7-f-04-hu.wav,0.9874959588050842,0,POSITIVE
129103c7-73da-492e-be7c-5a85387b8344-1430560492488-1.7-m-04-hu.wav,0,0.985515832901001,NEGITIVE
129103c7-73da-492e-be7c-5a85387b8344-1430560519649-1.7-m-04-hu.wav,0.24768662452697754,0.6683549880981445,NEGITIVE
129103c7-73da-492e-be7c-5a85387b8344-1430560574311-1.7-m-26-hu.wav,0,0.860971212387085,NEGITIVE
1309B82C-F146-46F0-A723-45345AFA6EA8-1430059849-1.0-f-04-hu.wav,0.9610581398010254,0,POSITIVE
1309B82C-F146-46F0-A723-45345AFA6EA8-1430059864-1.0-f-04-ti.wav,0.9708187580108643,0,POSITIVE
1309B82C-F146-46F0-A723-45345AFA6EA8-1430703937-1.0-f-48-dc.wav,0.9878177046775818,0,POSITIVE
1309B82C-F146-46F0-A723-45345AFA6EA8-1430704008-1.0-f-48-dc.wav,0.9370028972625732,0,POSITIVE
1309B82C-F146-46F0-A723-45345AFA6EA8-1431172241-1.0-f-48-ti.wav,0.8818397521972656,0.10734309256076813,POSITIVE
1309B82C-F146-46F0-A723-45345AFA6EA8-1432801693-1.1-f-26-dc.wav,0.9750142097473145,0,POSITIVE
1309B82C-F146-46F0-A723-45345AFA6EA8-1432801703-1.1-f-26-dc.wav,0.9904353618621826,0,POSITIVE
1445575b-80ad-477b-8e48-36194cac728e-1430244987914-1.7-f-48-hu.wav,0.9651244878768921,0,POSITIVE
15DFE119-B0EF-406A-B2BE-88EAF70773FB-1430636632-1.0-m-04-hu.wav,0.8037550449371338,0.13355381786823273,POSITIVE
16546bcc-6e1d-4095-b3b7-4309fa510af4-1430498302807-1.7-m-22-hu.wav,0,0.9654413461685181,NEGITIVE
177dc72e-d0f8-47ef-a5a7-3b46878e11a0-1430736347272-1.7-f-26-hu.wav,0.39184319972991943,0.521209716796875,NEGITIVE
177dc72e-d0f8-47ef-a5a7-3b46878e11a0-1430736358754-1.7-f-26-hu.wav,0.9603328704833984,0,POSITIVE
177dc72e-d0f8-47ef-a5a7-3b46878e11a0-1430736533767-1.7-f-26-hu.wav,0.9517735242843628,0,POSITIVE
177dc72e-d0f8-47ef-a5a7-3b46878e11a0-1430736549614-1.7-f-26-hu.wav,0.49347394704818726,0.39182209968566895,POSITIVE
177dc72e-d0f8-47ef-a5a7-3b46878e11a0-1430736564543-1.7-f-26-hu.wav,0,0.9626842737197876,NEGITIVE
189b78c6-9e78-43f2-bcb8-6cc8a462f4dc-1430807910579-1.7-m-22-hu.wav,0.3307977616786957,0.576502799987793,NEGITIVE
189b78c6-9e78-43f2-bcb8-6cc8a462f4dc-1430807938301-1.7-m-22-hu.wav,0.9268684387207031,0,POSITIVE
19aae3d1-51c6-4ffb-aeb8-efb6ae7ba83e-1436861395462-1.7-m-48-hu.wav,0.648639440536499,0.24689608812332153,POSITIVE
1E2CB1BF-4268-4B72-8EC9-F077467B62AB-1430269171-1.0-m-04-hu.wav,0,0.9141699075698853,NEGITIVE
1E2CB1BF-4268-4B72-8EC9-F077467B62AB-1430269193-1.0-m-04-hu.wav,0,0.9876649379730225,NEGITIVE
1a95e63b-aafd-4e64-93cc-06f21290cb5e-1430741310543-1.7-m-04-hu.wav,0,0.8871607780456543,NEGITIVE
1a95e63b-aafd-4e64-93cc-06f21290cb5e-1430741462945-1.7-f-72-hu.wav,0.6627558469772339,0.24355877935886383,POSITIVE
1abb2260-a652-4ba7-bd98-7d463312730f-1430041727150-1.7-m-04-hu.wav,0.9701311588287354,0,POSITIVE
1b381a1e-88a6-4a48-b889-a5ccdf0aacaf-1430299568333-1.7-f-72-hu.wav,0.9941513538360596,0,POSITIVE
1f40790f-68f2-4e7e-845e-715bd97c82d0-1429979568422-1.7-m-04-hu.wav,0.98707115650177,0,POSITIVE
1f40790f-68f2-4e7e-845e-715bd97c82d0-1429979603276-1.7-m-72-hu.wav,0.6351273059844971,0.2628493905067444,POSITIVE
2055632F-25B0-4089-8D53-1733BBC6FF4F-1430125933-1.0-f-26-hu.wav,0,0.9979851841926575,NEGITIVE
20E2B5A0-40A4-4FD8-8935-AFD1DB833510-1430127670-1.0-m-26-hu.wav,0.9454994201660156,0,POSITIVE
212050A0-127E-45E7-B3B8-8F4B42EA8F7C-1430127792-1.0-m-72-hu.wav,0.6939719915390015,0.24878095090389252,POSITIVE
216C11F8-2E0D-4CF0-B058-DB27B5964E50-1434552864-1.1-f-04-hu.wav,0,0.9994691610336304,NEGITIVE
21744480-27AA-4B00-9BDD-813923B9B519-1430743828-1.0-m-04-hu.wav,0.4786192774772644,0.3902479410171509,POSITIVE
21744480-27AA-4B00-9BDD-813923B9B519-1430743847-1.0-m-04-hu.wav,0.9511971473693848,0,POSITIVE
218e6fd7-f9c5-4490-afd7-c4fba174e7d2-1430209174300-1.7-m-72-hu.wav,0.9856986999511719,0,POSITIVE
218e6fd7-f9c5-4490-afd7-c4fba174e7d2-1430209252819-1.7-m-72-hu.wav,0,0.9584888815879822,NEGITIVE
21c07aff-0a8d-4e74-ad5e-e3c7f7bcb11b-1430031215313-1.7-m-04-hu.wav,0.6038037538528442,0.2889297902584076,POSITIVE
21c07aff-0a8d-4e74-ad5e-e3c7f7bcb11b-1430031235662-1.7-m-04-hu.wav,0.9402341842651367,0,POSITIVE
21c07aff-0a8d-4e74-ad5e-e3c7f7bcb11b-1430105623749-1.7-m-04-hu.wav,0.28234440088272095,0.5994547605514526,NEGITIVE
21c07aff-0a8d-4e74-ad5e-e3c7f7bcb11b-1430105653796-1.7-m-04-hu.wav,0.9326686263084412,0,POSITIVE
2294E2B2-8E36-4DA6-A898-B947CB9446AB-1436462707-1.1-m-26-dc.wav,0.9830537438392639,0,POSITIVE
22b43570-d440-475b-b2f1-e528c81081f7-1430663490095-1.7-m-04-hu.wav,0.7703815698623657,0.16565224528312683,POSITIVE
23ac7cb2-3f3c-4a2f-beb8-d599f418894f-1430744859236-1.7-m-04-hu.wav,0,0.9908045530319214,NEGITIVE
23f65ae2-a1ce-4ce5-ab8b-4a0e467f297c-1430174329383-1.7-m-04-hu.wav,0.9680823683738708,0,POSITIVE
23f65ae2-a1ce-4ce5-ab8b-4a0e467f297c-1430174363483-1.7-m-04-hu.wav,0.6093969941139221,0.2908514738082886,POSITIVE
23f65ae2-a1ce-4ce5-ab8b-4a0e467f297c-1430174416910-1.7-f-26-hu.wav,0.9396776556968689,0,POSITIVE
2439388A-9CF2-4D3B-9534-E6951FC9EAD4-1436877933-1.1-m-26-hu.wav,0.3605448603630066,0.5378662943840027,NEGITIVE
2439388A-9CF2-4D3B-9534-E6951FC9EAD4-1436877944-1.1-m-26-hu.wav,0.30610910058021545,0.5928043127059937,NEGITIVE
2439388A-9CF2-4D3B-9534-E6951FC9EAD4-1436877953-1.1-m-26-hu.wav,0,0.9977548718452454,NEGITIVE
2439388A-9CF2-4D3B-9534-E6951FC9EAD4-1436877967-1.1-m-26-hu.wav,0.5867502689361572,0.29038047790527344,POSITIVE
2439388A-9CF2-4D3B-9534-E6951FC9EAD4-1436877994-1.1-m-26-bu.wav,0,0.9001056551933289,NEGITIVE
24aa71c1-0cca-4328-b1c1-96f79d8e5ba5-1430768234630-1.7-f-22-hu.wav,0,0.9643043279647827,NEGITIVE
24f2a4e1-7161-42a3-a2a2-a29a2422c0b8-1430744794581-1.7-f-26-hu.wav,0,0.9812964200973511,NEGITIVE
24f2a4e1-7161-42a3-a2a2-a29a2422c0b8-1430814730789-1.7-f-26-hu.wav,0.8090917468070984,0.15938904881477356,POSITIVE
24f2a4e1-7161-42a3-a2a2-a29a2422c0b8-1430814741368-1.7-f-26-hu.wav,0.39672988653182983,0.5025146007537842,NEGITIVE
24f94b49-c8bc-4ed2-b43a-80b099f12936-1430534429690-1.7-m-04-hu.wav,0.8230316638946533,0.13642972707748413,POSITIVE
24f94b49-c8bc-4ed2-b43a-80b099f12936-1430534478442-1.7-m-04-hu.wav,0.3058353066444397,0.5816892385482788,NEGITIVE
24f94b49-c8bc-4ed2-b43a-80b099f12936-1430534715095-1.7-m-04-hu.wav,0.9307262301445007,0,POSITIVE
24f94b49-c8bc-4ed2-b43a-80b099f12936-1430534731435-1.7-f-04-hu.wav,0.17797668278217316,0.7364150881767273,NEGITIVE
2562ad82-485a-44c2-ad25-f70fce71480b-1430045593479-1.7-m-72-hu.wav,0.9288815855979919,0,POSITIVE
2562ad82-485a-44c2-ad25-f70fce71480b-1430046631469-1.7-m-72-hu.wav,0.3198932111263275,0.5685177445411682,NEGITIVE
2602b7c2-e96d-42f6-9767-f1ae74925ef8-1431376228657-1.7-f-22-hu.wav,0.8419145941734314,0.13486948609352112,POSITIVE
26a4dc65-6472-4263-a1d6-3a080623592d-1430728169736-1.7-m-04-hu.wav,0,0.9612867832183838,NEGITIVE
28d717b6-a073-4e4e-b9d3-c8b1868bb20e-1430735258587-1.7-m-04-hu.wav,0.32651764154434204,0.6027165651321411,NEGITIVE
2CD44A1C-9D14-417D-9FBD-695584D22A57-1431177767-1.0-f-48-hu.wav,0.5310907363891602,0.3602343797683716,POSITIVE
2EA94F58-6EFD-495F-A624-77F399E913B0-1431357964-1.1-m-04-hu.wav,0,0.9994063377380371,NEGITIVE
2EE636FB-BD76-4118-A0EF-82FAFC32301F-1436584847-1.1-m-04-hu.wav,0.9274650812149048,0,POSITIVE
2EE636FB-BD76-4118-A0EF-82FAFC32301F-1436586600-1.1-f-04-hu.wav,0.9618180990219116,0,POSITIVE
2F1C0515-EC8E-44C1-ABEA-E04EB475543A-1430727406-1.0-m-22-hu.wav,0.3248787522315979,0.5788737535476685,NEGITIVE
2F1C0515-EC8E-44C1-ABEA-E04EB475543A-1432143888-1.1-m-22-hu.wav,0,0.9908590316772461,NEGITIVE
2a0e6a88-b049-4f46-a3d6-d73ffae470d5-1430770144865-1.7-m-04-hu.wav,0.6439316272735596,0.2653735280036926,POSITIVE
2a0e6a88-b049-4f46-a3d6-d73ffae470d5-1430770161530-1.7-m-04-hu.wav,0.9794290065765381,0,POSITIVE
2a370bc5-c56f-4bc8-ac2c-fc3b9a9dafb6-1431807074875-1.7-f-26-ti.wav,0,0.9690980315208435,NEGITIVE
2ad6d558-32f2-4bfd-99c5-cbd31ee3bb11-1430023892469-1.7-m-72-hu.wav,0.6508340835571289,0.27034056186676025,POSITIVE
2ad6d558-32f2-4bfd-99c5-cbd31ee3bb11-1430064396119-1.7-m-72-hu.wav,0.8999710083007812,0,POSITIVE
2aff216b-d754-4a1f-a247-37e1e24fe41a-1431028371097-1.7-m-04-hu.wav,0,0.9830268621444702,NEGITIVE
2ce46466-102a-4acb-ba4a-896f4d575950-1430748260047-1.7-f-04-hu.wav,0,0.9461827278137207,NEGITIVE
2de90528-c564-4d2a-b3c2-52657d6c8f5f-1432025403206-1.7-m-04-hu.wav,0.5830217599868774,0.28200435638427734,POSITIVE
2de90528-c564-4d2a-b3c2-52657d6c8f5f-1432025425082-1.7-m-04-ch.wav,0.8721081018447876,0.10146383196115494,POSITIVE
2e25d0a5-0b2b-44ef-8491-e445b16ea75c-1430056314272-1.7-f-26-hu.wav,0.46172186732292175,0.4246988892555237,POSITIVE
2e25d0a5-0b2b-44ef-8491-e445b16ea75c-1430056332640-1.7-f-26-hu.wav,0.8817614316940308,0.10310263931751251,POSITIVE
3030d0e9-0c9b-4616-9b83-f10dc2dedbfd-1430053447333-1.7-m-26-hu.wav,0.9760773181915283,0,POSITIVE
3030d0e9-0c9b-4616-9b83-f10dc2dedbfd-1430053456045-1.7-m-26-hu.wav,0.9641519784927368,0,POSITIVE
3030d0e9-0c9b-4616-9b83-f10dc2dedbfd-1430053464739-1.7-m-26-hu.wav,0.8627060651779175,0.11848370730876923,POSITIVE
3030d0e9-0c9b-4616-9b83-f10dc2dedbfd-1430053594259-1.7-m-26-hu.wav,0.9651398062705994,0,POSITIVE
3030d0e9-0c9b-4616-9b83-f10dc2dedbfd-1430326171876-1.7-m-26-hu.wav,0.9631449580192566,0,POSITIVE
30345b40-19b9-405e-a579-32c9e81a4254-1437001504632-1.7-f-04-bu.wav,0.8587912321090698,0.11655053496360779,POSITIVE
30c2cee4-b682-4dcb-86b9-7fa6f36f1b66-1430727658267-1.7-f-72-hu.wav,0,0.992911696434021,NEGITIVE
30c2cee4-b682-4dcb-86b9-7fa6f36f1b66-1430727682171-1.7-f-72-hu.wav,0,0.9769678711891174,NEGITIVE
30c2cee4-b682-4dcb-86b9-7fa6f36f1b66-1430728411287-1.7-f-72-hu.wav,0.9905902743339539,0,POSITIVE
31e785de-b0c9-464f-88e2-bd8f1dd5cda4-1433403682898-1.7-m-04-hu.wav,0.9032328128814697,0,POSITIVE
323cab80-2551-4a46-8c3d-62c7a5264afa-1430382588301-1.7-m-22-hu.wav,0.992379903793335,0,POSITIVE
332da253-0328-4e5e-a867-795856dd7ccd-1430820936420-1.7-m-04-hu.wav,0,0.9645464420318604,NEGITIVE
35A0B443-7BEB-46CA-8CE2-B36FBBE16C72-1430162568-1.0-f-72-ti.wav,0,0.9877257943153381,NEGITIVE
35D58153-7AB7-443D-BED0-2D7ABF73743F-1431187196-1.0-m-04-hu.wav,0.7125779390335083,0.21406301856040955,POSITIVE
35D58153-7AB7-443D-BED0-2D7ABF73743F-1431855847-1.1-m-04-hu.wav,0.9734225273132324,0,POSITIVE
35D58153-7AB7-443D-BED0-2D7ABF73743F-1432290349-1.1-m-04-hu.wav,0.7742111086845398,0.1650574654340744,POSITIVE
36f1b3ec-3d2a-470e-af6f-0a8cc11b2723-1430237012976-1.7-m-04-hu.wav,0.9680209159851074,0,POSITIVE
37105492-58b1-432e-a1ce-ea154425abab-1430744728397-1.7-f-26-hu.wav,0.8118692636489868,0.15376244485378265,POSITIVE
375308C6-F894-49A5-B246-8C2819E9C6ED-1430416651-1.0-m-04-hu.wav,0.8899843692779541,0.10628506541252136,POSITIVE
376C006E-3664-4056-80D0-7661F631A062-1436930593-1.1-m-26-hu.wav,0.943472683429718,0,POSITIVE
39180491-e076-4300-b5de-24e812dca6fe-1430732808435-1.7-m-04-hu.wav,0,0.980402946472168,NEGITIVE
39180491-e076-4300-b5de-24e812dca6fe-1435708371348-1.7-f-04-hu.wav,0.8783223628997803,0.10743080824613571,POSITIVE
39180491-e076-4300-b5de-24e812dca6fe-1435708394691-1.7-f-22-hu.wav,0.8439171314239502,0.1311611831188202,POSITIVE
3941D08C-5A97-48A4-8830-091D878137F6-1430099813-1.0-m-72-hu.wav,0.9910672903060913,0,POSITIVE
3941D08C-5A97-48A4-8830-091D878137F6-1430099826-1.0-m-72-hu.wav,0.9656257629394531,0,POSITIVE
3A81CBE4-0405-43C1-9FE0-5227F5F58C73-1436852878-1.1-f-72-hu.wav,0,0.9718817472457886,NEGITIVE
3BF71DAF-2A9E-4355-89D3-41AC37E94083-1437281306-1.1-f-26-hu.wav,0.7128992080688477,0.22797930240631104,POSITIVE
3DF341FA-E90B-4335-A51A-A9B0769150CE-1436859277-1.1-m-04-hu.wav,0.606216311454773,0.303713321685791,POSITIVE
3DF341FA-E90B-4335-A51A-A9B0769150CE-1436859328-1.1-m-04-hu.wav,0.6134326457977295,0.28818297386169434,POSITIVE
3E0DACB2-B2E2-4C00-B34A-0F54E12C8609-1436985764-1.1-m-04-hu.wav,0,0.9995402693748474,NEGITIVE
3bb2445a-9ae9-4dc8-9a2e-86c696ffa405-1430122005544-1.7-m-26-hu.wav,0.9624476432800293,0,POSITIVE
3bb2445a-9ae9-4dc8-9a2e-86c696ffa405-1430122381138-1.7-m-26-hu.wav,0.9319198131561279,0,POSITIVE
3bb2445a-9ae9-4dc8-9a2e-86c696ffa405-1430122479873-1.7-m-26-hu.wav,0.9859440326690674,0,POSITIVE
3bb2445a-9ae9-4dc8-9a2e-86c696ffa405-1430123758633-1.7-m-26-hu.wav,0.9862189292907715,0,POSITIVE
3bb2445a-9ae9-4dc8-9a2e-86c696ffa405-1430124221551-1.7-m-26-hu.wav,0.9835528135299683,0,POSITIVE
3bb2445a-9ae9-4dc8-9a2e-86c696ffa405-1430142760958-1.7-m-26-hu.wav,0.9930994510650635,0,POSITIVE
3bb2445a-9ae9-4dc8-9a2e-86c696ffa405-1430142784308-1.7-m-26-hu.wav,0.9910750389099121,0,POSITIVE
3bb2445a-9ae9-4dc8-9a2e-86c696ffa405-1430146536552-1.7-m-26-hu.wav,0.9872030019760132,0,POSITIVE
3c0b4e07-33ec-4d68-a6b2-5f5dcb8cff8e-1430070829977-1.7-m-26-hu.wav,0.9721204042434692,0,POSITIVE
3c51dedc-6e4c-47dd-a179-86a25e95f1ef-1430651003891-1.7-m-04-hu.wav,0.9873740673065186,0,POSITIVE
3c51dedc-6e4c-47dd-a179-86a25e95f1ef-1430651019625-1.7-m-04-hu.wav,0.9637367129325867,0,POSITIVE
3c51dedc-6e4c-47dd-a179-86a25e95f1ef-1430651049104-1.7-m-72-hu.wav,0.9780815839767456,0,POSITIVE
3c51dedc-6e4c-47dd-a179-86a25e95f1ef-1430651125103-1.7-m-72-hu.wav,0.9822953939437866,0,POSITIVE
3c51dedc-6e4c-47dd-a179-86a25e95f1ef-1430651262745-1.7-m-72-hu.wav,0.7377327680587769,0.1939803510904312,POSITIVE
3c51dedc-6e4c-47dd-a179-86a25e95f1ef-1430653719913-1.7-m-72-hu.wav,0.9751731157302856,0,POSITIVE
3d3e244d-20b1-4ec3-9732-92dcd14ff35a-1436961241219-1.7-m-72-hu.wav,0.7490450143814087,0.16074882447719574,POSITIVE
409b392d-8bdc-42bd-90db-b76af2fbdd14-1430726029654-1.7-f-04-hu.wav,0,0.9227747917175293,NEGITIVE
40a4c760-facf-4911-b0a6-22eccc3ab18d-1430466164038-1.7-f-26-hu.wav,0.9721577763557434,0,POSITIVE
40a4c760-facf-4911-b0a6-22eccc3ab18d-1430466176951-1.7-f-26-hu.wav,0.7625201940536499,0.17229607701301575,POSITIVE
40a4c760-facf-4911-b0a6-22eccc3ab18d-1430466242993-1.7-f-26-hu.wav,0.9905710220336914,0,POSITIVE
40a4c760-facf-4911-b0a6-22eccc3ab18d-1430466260366-1.7-f-26-hu.wav,0.9528708457946777,0,POSITIVE
40a4c760-facf-4911-b0a6-22eccc3ab18d-1430466393384-1.7-f-26-hu.wav,0.9857758283615112,0,POSITIVE
40a4c760-facf-4911-b0a6-22eccc3ab18d-1430474665997-1.7-f-26-hu.wav,0.42883723974227905,0.41950684785842896,POSITIVE
40a4c760-facf-4911-b0a6-22eccc3ab18d-1430477691332-1.7-f-26-hu.wav,0.9892230033874512,0,POSITIVE
40a4c760-facf-4911-b0a6-22eccc3ab18d-1430477717469-1.7-f-26-hu.wav,0.9832115173339844,0,POSITIVE
40a4c760-facf-4911-b0a6-22eccc3ab18d-1430477726097-1.7-f-26-hu.wav,0.9875853061676025,0,POSITIVE
40a4c760-facf-4911-b0a6-22eccc3ab18d-1430477756469-1.7-f-26-hu.wav,0.9888246059417725,0,POSITIVE
40a4c760-facf-4911-b0a6-22eccc3ab18d-1430477780076-1.7-f-26-hu.wav,0.9890928268432617,0,POSITIVE
415d69b4-6d84-4bf8-97b0-10f8f108dc1d-1430739498797-1.7-m-04-hu.wav,0,0.9765526652336121,NEGITIVE
415d69b4-6d84-4bf8-97b0-10f8f108dc1d-1430739528719-1.7-m-04-hu.wav,0.1445559561252594,0.8054381608963013,NEGITIVE
415d69b4-6d84-4bf8-97b0-10f8f108dc1d-1430739568163-1.7-m-04-hu.wav,0.11666104197502136,0.8418363928794861,NEGITIVE
42ec6f14-6ba6-457f-8a80-101ee201195c-1431345009828-1.7-m-22-hu.wav,0.7845731973648071,0.17570379376411438,POSITIVE
4373d8ca-e2c8-41df-b4a1-db8a2f98c922-1437105508437-1.7-f-26-hu.wav,0,0.8696799278259277,NEGITIVE
4373d8ca-e2c8-41df-b4a1-db8a2f98c922-1437105520172-1.7-f-26-hu.wav,0.9630962610244751,0,POSITIVE
459c3f85-5710-4efa-bcc9-8012aa1af55e-1430034880215-1.7-f-48-hu.wav,0.9717334508895874,0,POSITIVE
459c3f85-5710-4efa-bcc9-8012aa1af55e-1430034895673-1.7-f-48-hu.wav,0.9862885475158691,0,POSITIVE
46002244-7304-45DC-BF69-B6EC2BB25009-1436902364-1.1-f-48-hu.wav,0.9814115762710571,0,POSITIVE
48b9df2e-dbe4-42ed-b840-43f4e90d0323-1431062172509-1.7-f-04-hu.wav,0,0.9920369386672974,NEGITIVE
4CD5903D-E2CE-401E-B898-D873C763F44B-1430727644-1.0-m-26-hu.wav,0,0.9834593534469604,NEGITIVE
4CD5903D-E2CE-401E-B898-D873C763F44B-1430727653-1.0-m-26-hu.wav,0.940214991569519,0,POSITIVE
4CD5903D-E2CE-401E-B898-D873C763F44B-1430727739-1.0-m-26-hu.wav,0.33198997378349304,0.5405176281929016,NEGITIVE
4CD5903D-E2CE-401E-B898-D873C763F44B-1430727770-1.0-m-26-bu.wav,0.10971952974796295,0.8455621600151062,NEGITIVE
4D43D6CD-C084-4081-ABF3-8B25951B2D75-1430146631-1.0-m-04-hu.wav,0.983999490737915,0,POSITIVE
4DE720A7-9CBF-44DB-92C5-42C54A7BC571-1429229268-1.0-f-48-hu.wav,0,0.9942556619644165,NEGITIVE
4be720ce-a5e5-4a48-930f-a212f8a239f6-1434737518977-1.7-f-48-hu.wav,0.5629042387008667,0.3295767307281494,POSITIVE
4be720ce-a5e5-4a48-930f-a212f8a239f6-1434737668804-1.7-f-48-hu.wav,0.962890625,0,POSITIVE
4be720ce-a5e5-4a48-930f-a212f8a239f6-1434737694572-1.7-f-48-hu.wav,0.7504137754440308,0.19389232993125916,POSITIVE
4be720ce-a5e5-4a48-930f-a212f8a239f6-1434774932733-1.7-f-48-hu.wav,0.9411671161651611,0,POSITIVE
4be720ce-a5e5-4a48-930f-a212f8a239f6-1434774947458-1.7-f-48-hu.wav,0.9684807062149048,0,POSITIVE
4cefc13c-e7c0-4b5a-bddb-c40c103e640a-1431583459308-1.7-f-26-hu.wav,0.9866036176681519,0,POSITIVE
4cefc13c-e7c0-4b5a-bddb-c40c103e640a-1431583470764-1.7-f-26-hu.wav,0.9775860905647278,0,POSITIVE
4f09a209-71bc-4f57-88d5-a599392ad9d9-1430724137656-1.7-m-04-hu.wav,0.6305227279663086,0.2734661400318146,POSITIVE
505CA6B7-D70C-4F33-B403-172150E0FDD4-1430033710-1.0-m-48-hu.wav,0.5929722785949707,0.3292194604873657,POSITIVE
505CA6B7-D70C-4F33-B403-172150E0FDD4-1430033737-1.0-m-48-hu.wav,0.4857791066169739,0.4061152935028076,POSITIVE
50DC5FBC-AC95-44F2-B55F-E4E5FB03AC96-1430007656-1.0-m-26-hu.wav,0.9780582189559937,0,POSITIVE
50DC5FBC-AC95-44F2-B55F-E4E5FB03AC96-1430007668-1.0-m-26-hu.wav,0.9825886487960815,0,POSITIVE
50DC5FBC-AC95-44F2-B55F-E4E5FB03AC96-1430007691-1.0-m-26-hu.wav,0.9796174764633179,0,POSITIVE
50DC5FBC-AC95-44F2-B55F-E4E5FB03AC96-1430108024-1.0-m-26-hu.wav,0.9841883182525635,0,POSITIVE
52dfc27a-fbc4-4d9f-bbcf-6406c919324a-1430029379759-1.7-m-26-hu.wav,0.12427832186222076,0.8424591422080994,NEGITIVE
52dfc27a-fbc4-4d9f-bbcf-6406c919324a-1430041644396-1.7-m-26-hu.wav,0.9021629095077515,0,POSITIVE
52dfc27a-fbc4-4d9f-bbcf-6406c919324a-1430041657947-1.7-m-26-hu.wav,0.9718270301818848,0,POSITIVE
539FDD32-6326-422E-A707-FCF063D3426C-1437073534-1.1-f-26-hu.wav,0.9756581783294678,0,POSITIVE
539FDD32-6326-422E-A707-FCF063D3426C-1437073544-1.1-f-26-hu.wav,0.922888994216919,0,POSITIVE
53F9E856-BD84-4153-81BB-FF3AA302EF64-1430740179-1.0-m-72-hu.wav,0.7111965417861938,0.2156381905078888,POSITIVE
53F9E856-BD84-4153-81BB-FF3AA302EF64-1430740188-1.0-m-72-hu.wav,0.9906749725341797,0,POSITIVE
53F9E856-BD84-4153-81BB-FF3AA302EF64-1430740203-1.0-m-72-hu.wav,0.9293309450149536,0,POSITIVE
53F9E856-BD84-4153-81BB-FF3AA302EF64-1430740222-1.0-m-72-dc.wav,0.921277642250061,0,POSITIVE
53F9E856-BD84-4153-81BB-FF3AA302EF64-1430740312-1.0-m-72-hu.wav,0.7735636234283447,0.18239907920360565,POSITIVE
549a46d8-9c84-430e-ade8-97eae2bef787-1430130669340-1.7-m-48-hu.wav,0.9068851470947266,0,POSITIVE
549a46d8-9c84-430e-ade8-97eae2bef787-1430130686288-1.7-m-48-hu.wav,0.9459985494613647,0,POSITIVE
549a46d8-9c84-430e-ade8-97eae2bef787-1430130702316-1.7-m-48-hu.wav,0.9766843914985657,0,POSITIVE
549a46d8-9c84-430e-ade8-97eae2bef787-1430130714659-1.7-m-48-hu.wav,0.9771671891212463,0,POSITIVE
549a46d8-9c84-430e-ade8-97eae2bef787-1430130760929-1.7-m-48-hu.wav,0.8864402174949646,0.10487829148769379,POSITIVE
549a46d8-9c84-430e-ade8-97eae2bef787-1430130772174-1.7-m-48-bp.wav,0.853846549987793,0.1227610856294632,POSITIVE
552d864a-65d2-4373-aba7-fec2279dae27-1431239594709-1.7-m-04-hu.wav,0,0.9649115800857544,NEGITIVE
5728DDD6-149B-412F-A14B-C29B9B5E415F-1432635035-1.0-m-26-hu.wav,0.9468071460723877,0,POSITIVE
5728DDD6-149B-412F-A14B-C29B9B5E415F-1432635047-1.0-m-26-hu.wav,0.9818954467773438,0,POSITIVE
5728DDD6-149B-412F-A14B-C29B9B5E415F-1432635069-1.0-m-26-hu.wav,0.9851872324943542,0,POSITIVE
59a9e476-a5bb-48e9-af91-f654559a29f3-1436932285831-1.7-f-26-hu.wav,0.11968201398849487,0.8119804263114929,NEGITIVE
5B416CE8-2591-4531-9ADC-86D085B5D48B-1430144827-1.0-m-48-ti.wav,0.6734957695007324,0.25753241777420044,POSITIVE
5B416CE8-2591-4531-9ADC-86D085B5D48B-1430144841-1.0-m-48-bu.wav,0,0.9578947424888611,NEGITIVE
5C2F730C-9721-40B7-A2D8-C257DB518978-1429966327-1.0-m-04-hu.wav,0,0,Corrupted
5C2F730C-9721-40B7-A2D8-C257DB518978-1429966336-1.0-m-04-hu.wav,0.9297048449516296,0,POSITIVE
5E01DC60-1DE3-4AF9-A661-7F649EAE457D-1430141097-1.0-m-26-hu.wav,0,0.9750936031341553,NEGITIVE
5E01DC60-1DE3-4AF9-A661-7F649EAE457D-1430141106-1.0-m-26-hu.wav,0.9720433950424194,0,POSITIVE
5E01DC60-1DE3-4AF9-A661-7F649EAE457D-1430141136-1.0-f-26-hu.wav,0,0.975350022315979,NEGITIVE
5F3FAA07-383A-4E58-9238-AED734EBB938-1430745337-1.0-m-04-hu.wav,0,0.9948073625564575,NEGITIVE
5afc6a14-a9d8-45f8-b31d-c79dd87cc8c6-1430757039803-1.7-m-48-bu.wav,0.9570936560630798,0,POSITIVE
5afc6a14-a9d8-45f8-b31d-c79dd87cc8c6-1430757081034-1.7-m-48-hu.wav,0.9265987873077393,0,POSITIVE
5b49f19f-a3a7-411e-bb32-755da3cbd6f0-1430029971483-1.7-m-48-hu.wav,0.42508038878440857,0.42140501737594604,POSITIVE
5b49f19f-a3a7-411e-bb32-755da3cbd6f0-1430029991480-1.7-m-48-hu.wav,0.9763527512550354,0,POSITIVE
5b49f19f-a3a7-411e-bb32-755da3cbd6f0-1430185074865-1.7-f-26-bp.wav,0.830777645111084,0.13084301352500916,POSITIVE
5b9b90a2-2477-41a2-b7b4-d982ec73c788-1430742378904-1.7-m-04-hu.wav,0,0.9134148359298706,NEGITIVE
5d579897-17b7-4c2a-8b90-fe1595e05037-1430985956617-1.7-m-04-hu.wav,0,0.9775823354721069,NEGITIVE
5d579897-17b7-4c2a-8b90-fe1595e05037-1430985967252-1.7-f-48-hu.wav,0,0.9974873065948486,NEGITIVE
5f0a1ed4-ee2c-493c-bc00-6b56aad78a72-1430933240505-1.7-m-72-hu.wav,0.8786005973815918,0,POSITIVE
5f651112-d2a3-4911-b3a5-f37bfc092494-1430734658837-1.7-m-72-hu.wav,0.9856376647949219,0,POSITIVE
5f651112-d2a3-4911-b3a5-f37bfc092494-1430734673858-1.7-m-72-hu.wav,0.9612308740615845,0,POSITIVE
602b06a7-31f0-4370-b35a-9cc81d205958-1430739571579-1.7-m-04-hu.wav,0.7734060287475586,0.18308806419372559,POSITIVE
602b06a7-31f0-4370-b35a-9cc81d205958-1430739585531-1.7-m-04-hu.wav,0.9641667604446411,0,POSITIVE
602b06a7-31f0-4370-b35a-9cc81d205958-1430739609286-1.7-f-72-hu.wav,0.9433578848838806,0,POSITIVE
602b06a7-31f0-4370-b35a-9cc81d205958-1430907771532-1.7-f-72-hu.wav,0.5678945779800415,0.34183233976364136,POSITIVE
602b06a7-31f0-4370-b35a-9cc81d205958-1430907785000-1.7-f-72-hu.wav,0.4974590241909027,0.39932358264923096,POSITIVE
602b06a7-31f0-4370-b35a-9cc81d205958-1430907796431-1.7-f-72-hu.wav,0.7879377007484436,0.1730482280254364,POSITIVE
60fb026c-f293-484f-9e87-8c5c2fa409eb-1436865795456-1.7-f-26-hu.wav,0.5777931213378906,0.29596006870269775,POSITIVE
63CA92F7-973A-4DCA-A410-7B19811A2478-1430041884-1.0-f-26-hu.wav,0.8077086806297302,0.16083331406116486,POSITIVE
63CA92F7-973A-4DCA-A410-7B19811A2478-1430041902-1.0-f-26-hu.wav,0.8120460510253906,0.1585961878299713,POSITIVE
643D64AD-B711-469A-AF69-55C0D5D3E30F-1430128310-1.0-m-72-hu.wav,0,0.9036940336227417,NEGITIVE
643D64AD-B711-469A-AF69-55C0D5D3E30F-1430128334-1.0-m-72-bp.wav,0.15340527892112732,0.7754300236701965,NEGITIVE
643D64AD-B711-469A-AF69-55C0D5D3E30F-1430128367-1.0-m-72-bp.wav,0,0,Corrupted
643D64AD-B711-469A-AF69-55C0D5D3E30F-1430138480-1.0-m-72-bp.wav,0.10083231329917908,0.8678168058395386,NEGITIVE
643D64AD-B711-469A-AF69-55C0D5D3E30F-1430138495-1.0-m-72-bp.wav,0.6627979278564453,0.26087433099746704,POSITIVE
643D64AD-B711-469A-AF69-55C0D5D3E30F-1430138506-1.0-m-72-bp.wav,0.8595188856124878,0.12509849667549133,POSITIVE
643D64AD-B711-469A-AF69-55C0D5D3E30F-1430138514-1.0-m-72-bp.wav,0.7179321050643921,0.21812692284584045,POSITIVE
643D64AD-B711-469A-AF69-55C0D5D3E30F-1430138524-1.0-m-72-bp.wav,0.9829659461975098,0,POSITIVE
643D64AD-B711-469A-AF69-55C0D5D3E30F-1430138536-1.0-m-72-bp.wav,0.8348169326782227,0.14174450933933258,POSITIVE
643D64AD-B711-469A-AF69-55C0D5D3E30F-1430138545-1.0-m-72-bp.wav,0.9782679080963135,0,POSITIVE
643D64AD-B711-469A-AF69-55C0D5D3E30F-1430138591-1.0-m-72-bp.wav,0.803892970085144,0.16011813282966614,POSITIVE
643D64AD-B711-469A-AF69-55C0D5D3E30F-1430138602-1.0-m-72-bp.wav,0.28011125326156616,0.6303108334541321,NEGITIVE
643D64AD-B711-469A-AF69-55C0D5D3E30F-1430138647-1.0-m-72-bp.wav,0.9636600017547607,0,POSITIVE
64606450-A8CA-496F-A5B4-3A61F13A7537-1436857121-1.1-m-48-hu.wav,0.12447953224182129,0.8053308129310608,NEGITIVE
64acb345-a61e-4ef3-a5a6-cf83c04b83f1-1430045478300-1.7-m-72-hu.wav,0.9440546631813049,0,POSITIVE
64acb345-a61e-4ef3-a5a6-cf83c04b83f1-1430058973897-1.7-m-72-hu.wav,0.8899171352386475,0,POSITIVE
64acb345-a61e-4ef3-a5a6-cf83c04b83f1-1430058990597-1.7-m-72-dc.wav,0.757158637046814,0.16419658064842224,POSITIVE
64acb345-a61e-4ef3-a5a6-cf83c04b83f1-1430059012473-1.7-m-72-dc.wav,0.9591480493545532,0,POSITIVE
653bf718-94bd-40d0-af7c-8fe44e07640c-1430759214066-1.7-m-04-hu.wav,0.38528379797935486,0.5048733949661255,NEGITIVE
653bf718-94bd-40d0-af7c-8fe44e07640c-1430759231913-1.7-m-04-hu.wav,0.7553905248641968,0.18247640132904053,POSITIVE
6639C63C-F634-489C-91B3-E3DB5930EFD5-1431370257-1.1-m-04-hu.wav,0.9400695562362671,0,POSITIVE
6639C63C-F634-489C-91B3-E3DB5930EFD5-1431370278-1.1-m-04-hu.wav,0.8820444345474243,0.10744071006774902,POSITIVE
665BDF6D-2897-49F9-8AD0-978B3B2A0468-1430530218-1.0-m-26-dc.wav,0.816170871257782,0.14908121526241302,POSITIVE
665BDF6D-2897-49F9-8AD0-978B3B2A0468-1430530227-1.0-m-26-dc.wav,0.3980678915977478,0.5204085111618042,NEGITIVE
67414C5E-0EB2-48FD-8391-FCF085FDB6D9-1430050964-1.0-m-04-hu.wav,0.13618528842926025,0.822314977645874,NEGITIVE
69374818-7b73-48ac-8200-e6a225e293fb-1430746080630-1.7-m-04-hu.wav,0.8967940807342529,0,POSITIVE
69374818-7b73-48ac-8200-e6a225e293fb-1430746091424-1.7-m-04-hu.wav,0.9427947402000427,0,POSITIVE
69BDA5D6-0276-4462-9BF7-951799563728-1436936185-1.1-m-26-bp.wav,0.9717116951942444,0,POSITIVE
6A164F7B-2562-4EBF-B308-A163FE052F8F-1430729836-1.0-m-04-hu.wav,0,0.8844540119171143,NEGITIVE
6bd76f21-f279-4c46-9453-58c95e7b2475-1430767927715-1.7-m-72-hu.wav,0.3774859309196472,0.49406149983406067,NEGITIVE
6c347126-8a00-436e-a2e5-5abe3a1b1c59-1430757856884-1.7-m-04-hu.wav,0.583138644695282,0.310141921043396,POSITIVE
6c347126-8a00-436e-a2e5-5abe3a1b1c59-1430768477411-1.7-m-72-hu.wav,0.7645301818847656,0.18354497849941254,POSITIVE
6d922623-8424-4625-be4c-4964e0c9e25c-1434898452774-1.7-m-04-hu.wav,0.9580891132354736,0,POSITIVE
6d922623-8424-4625-be4c-4964e0c9e25c-1434898466967-1.7-f-48-hu.wav,0.9575517773628235,0,POSITIVE
7060a4f6-4c0c-494b-912c-ae60158b185a-1436931908836-1.7-m-04-hu.wav,0,0.9942619204521179,NEGITIVE
7060a4f6-4c0c-494b-912c-ae60158b185a-1436931995150-1.7-f-04-hu.wav,0.7682635188102722,0.1727083921432495,POSITIVE
70d30513-0ec3-49e4-9976-e85785e85c2d-1431032901333-1.7-m-04-hu.wav,0,0.9987667798995972,NEGITIVE
70d30513-0ec3-49e4-9976-e85785e85c2d-1431033337523-1.7-m-04-hu.wav,0,0.9954025745391846,NEGITIVE
70d30513-0ec3-49e4-9976-e85785e85c2d-1431033372810-1.7-m-04-hu.wav,0.15015451610088348,0.7834317088127136,NEGITIVE
70d30513-0ec3-49e4-9976-e85785e85c2d-1431033390358-1.7-m-04-hu.wav,0.9140663146972656,0,POSITIVE
70d30513-0ec3-49e4-9976-e85785e85c2d-1431033405793-1.7-m-04-hu.wav,0.9639780521392822,0,POSITIVE
713a179f-6d17-4fec-8930-c4d2417394e6-1436237844255-1.7-f-04-hu.wav,0.2835133671760559,0.6388375759124756,NEGITIVE
719bb382-a592-46b7-82d2-8b4a625263b7-1430376267895-1.7-m-48-hu.wav,0,0.886260986328125,NEGITIVE
719bb382-a592-46b7-82d2-8b4a625263b7-1430376483385-1.7-m-48-hu.wav,0,0.995864987373352,NEGITIVE
719bb382-a592-46b7-82d2-8b4a625263b7-1430376501744-1.7-m-48-hu.wav,0.8337585926055908,0.12904036045074463,POSITIVE
719bb382-a592-46b7-82d2-8b4a625263b7-1430376562788-1.7-m-48-hu.wav,0.7896727323532104,0.17131569981575012,POSITIVE
721ED70F-92F4-4352-BC76-C84A49D88F71-1430150310-1.0-m-04-hu.wav,0.18252533674240112,0.7265769839286804,NEGITIVE
721ED70F-92F4-4352-BC76-C84A49D88F71-1430150320-1.0-m-04-hu.wav,0.35192084312438965,0.5364301204681396,NEGITIVE
721ED70F-92F4-4352-BC76-C84A49D88F71-1430150332-1.0-m-04-hu.wav,0,0.9674915075302124,NEGITIVE
72a81586-10cd-4370-b3ec-f97f8c106010-1431957748373-1.7-f-72-hu.wav,0.35343101620674133,0.547562837600708,NEGITIVE
72f82079-d990-47a7-ba8f-8e748bd0fe05-1437107015181-1.7-m-04-hu.wav,0,0.9986155033111572,NEGITIVE
743E7CCA-D32B-40B6-9541-9808122D3F6B-1436860011-1.1-f-26-hu.wav,0.9692103266716003,0,POSITIVE
743E7CCA-D32B-40B6-9541-9808122D3F6B-1436860028-1.1-f-26-hu.wav,0.9600211381912231,0,POSITIVE
743E7CCA-D32B-40B6-9541-9808122D3F6B-1436860053-1.1-f-26-hu.wav,0.9850090742111206,0,POSITIVE
743E7CCA-D32B-40B6-9541-9808122D3F6B-1436860161-1.1-f-26-hu.wav,0.9840208292007446,0,POSITIVE
7616E8F4-B1A7-45A6-9A0C-C9BB2DE64FC3-1436868751-1.1-m-72-hu.wav,0.9390824437141418,0,POSITIVE
771fa0cc-4535-471b-9cec-d26deff8d567-1429803644891-1.7-m-04-hu.wav,0.9857008457183838,0,POSITIVE
77bf6fab-e8d4-4f29-8ccb-ab659ce51016-1430027486683-1.7-m-04-hu.wav,0.3396143615245819,0.511386513710022,NEGITIVE
78584F2C-8AB0-4C87-8D3B-0D31832F18D6-1436845928-1.1-m-04-hu.wav,0,0.9963216781616211,NEGITIVE
786f1663-1025-4198-a037-ab0cd58a0e31-1430745438139-1.7-m-04-hu.wav,0.13103900849819183,0.831649899482727,NEGITIVE
789d2553-cbf2-4911-91e4-fb228d231238-1430818492438-1.7-m-26-hu.wav,0.1733960509300232,0.7149085998535156,NEGITIVE
789d2553-cbf2-4911-91e4-fb228d231238-1430818517787-1.7-m-26-hu.wav,0.837139904499054,0.116464763879776,POSITIVE
79FF400A-97E2-4701-987D-C7C850D5523C-1430089487-1.0-f-48-ti.wav,0.832940936088562,0.12644527852535248,POSITIVE
79FF400A-97E2-4701-987D-C7C850D5523C-1430089621-1.0-f-48-dc.wav,0.5794928073883057,0.3207577168941498,POSITIVE
79FF400A-97E2-4701-987D-C7C850D5523C-1430089648-1.0-f-48-bu.wav,0.9730530977249146,0,POSITIVE
79FF400A-97E2-4701-987D-C7C850D5523C-1430089688-1.0-f-48-dc.wav,0.9670244455337524,0,POSITIVE
7A22229D-06C2-4AAA-9674-DE5DF1906B3A-1436874521-1.1-m-72-hu.wav,0,0.9975432753562927,NEGITIVE
7A22229D-06C2-4AAA-9674-DE5DF1906B3A-1436874531-1.1-m-72-hu.wav,0,0.9955742359161377,NEGITIVE
7A22229D-06C2-4AAA-9674-DE5DF1906B3A-1436891933-1.1-m-72-hu.wav,0.6384801864624023,0.27120089530944824,POSITIVE
7A22229D-06C2-4AAA-9674-DE5DF1906B3A-1436891944-1.1-m-72-ti.wav,0.9704219102859497,0,POSITIVE
7A22229D-06C2-4AAA-9674-DE5DF1906B3A-1436891957-1.1-m-72-ti.wav,0.9514085650444031,0,POSITIVE
7A22229D-06C2-4AAA-9674-DE5DF1906B3A-1437081071-1.1-m-72-ti.wav,0.7581878900527954,0.1895866096019745,POSITIVE
7A864194-4B6B-4850-ABBF-0C2A8170107B-1436846797-1.1-f-26-hu.wav,0.9603500366210938,0,POSITIVE
7A864194-4B6B-4850-ABBF-0C2A8170107B-1436846824-1.1-f-26-hu.wav,0.4846428632736206,0.40372663736343384,POSITIVE
7A864194-4B6B-4850-ABBF-0C2A8170107B-1436846870-1.1-f-26-hu.wav,0.9842814207077026,0,POSITIVE
7A864194-4B6B-4850-ABBF-0C2A8170107B-1436846915-1.1-f-26-bu.wav,0.5336834192276001,0.35432714223861694,POSITIVE
7ACD2E92-AACC-487E-A09A-D8582C14ACFB-1430800991-1.0-m-04-hu.wav,0,0.9788832068443298,NEGITIVE
7B924575-21FC-462A-969E-BABB46D1CBF5-1430055167-1.0-f-72-hu.wav,0.9475502967834473,0,POSITIVE
7B924575-21FC-462A-969E-BABB46D1CBF5-1430055200-1.0-f-72-hu.wav,0,0.9170970916748047,NEGITIVE
7B924575-21FC-462A-969E-BABB46D1CBF5-1430055220-1.0-f-72-hu.wav,0,0.9055997729301453,NEGITIVE
7B924575-21FC-462A-969E-BABB46D1CBF5-1430055234-1.0-f-72-hu.wav,0.7179825305938721,0.22421489655971527,POSITIVE
7B924575-21FC-462A-969E-BABB46D1CBF5-1430055243-1.0-f-72-hu.wav,0.9610275626182556,0,POSITIVE
7CF37029-1040-40B8-ACC9-7E6E5C03AF9B-1429808793-1.0-m-04-hu.wav,0,0.998387336730957,NEGITIVE
7CF37029-1040-40B8-ACC9-7E6E5C03AF9B-1429808929-1.0-m-72-hu.wav,0.20493155717849731,0.7263075113296509,NEGITIVE
7CF37029-1040-40B8-ACC9-7E6E5C03AF9B-1429808939-1.0-m-72-hu.wav,0.8293609023094177,0.14027896523475647,POSITIVE
7E4B9C14-F955-4BED-9B03-7F3096A6CBFF-1430232157-1.0-f-26-hu.wav,0.39377155900001526,0.5282896757125854,NEGITIVE
7E4B9C14-F955-4BED-9B03-7F3096A6CBFF-1430232166-1.0-f-26-hu.wav,0.9873489737510681,0,POSITIVE
7E4B9C14-F955-4BED-9B03-7F3096A6CBFF-1430232180-1.0-f-26-hu.wav,0.9876810312271118,0,POSITIVE
7E4B9C14-F955-4BED-9B03-7F3096A6CBFF-1430232195-1.0-f-26-hu.wav,0.9770807027816772,0,POSITIVE
7E4B9C14-F955-4BED-9B03-7F3096A6CBFF-1430232208-1.0-f-26-bu.wav,0.9712475538253784,0,POSITIVE
7E4B9C14-F955-4BED-9B03-7F3096A6CBFF-1430540826-1.0-f-26-bu.wav,0.9730947613716125,0,POSITIVE
7b0e160e-0505-459e-8ecb-304d7afae9d2-1437486941311-1.7-m-04-hu.wav,0.927609384059906,0,POSITIVE
7b0e160e-0505-459e-8ecb-304d7afae9d2-1437486974312-1.7-m-04-dc.wav,0.8979060649871826,0,POSITIVE
7b23d26e-6f97-4e8b-b520-a9fdde21ee91-1432261716253-1.7-m-48-hu.wav,0.9847265481948853,0,POSITIVE
7b23d26e-6f97-4e8b-b520-a9fdde21ee91-1432275312750-1.7-m-48-hu.wav,0.987800657749176,0,POSITIVE
7c01e8b7-f3d4-474a-9926-ae34d468de53-1431766269378-1.7-f-04-hu.wav,0,0.8659675121307373,NEGITIVE
7c01e8b7-f3d4-474a-9926-ae34d468de53-1431766282334-1.7-f-04-hu.wav,0.18030822277069092,0.745453953742981,NEGITIVE
7c01e8b7-f3d4-474a-9926-ae34d468de53-1431823974076-1.7-f-04-hu.wav,0.4935421943664551,0.37323421239852905,POSITIVE
7c01e8b7-f3d4-474a-9926-ae34d468de53-1432045912860-1.7-f-04-hu.wav,0.7362844347953796,0.19999133050441742,POSITIVE
7d1c2cd2-6fa1-499f-8ca8-a298198be4e7-1436850081753-1.7-m-04-hu.wav,0.875719428062439,0.10066555440425873,POSITIVE
7e3de9b8-2be5-473f-b8c3-c2657f1317bb-1430006339251-1.7-f-04-hu.wav,0.9226703643798828,0,POSITIVE
7f6ce072-2f86-43db-871c-0a970983b335-1430017209262-1.7-m-04-hu.wav,0.8269497156143188,0.12041318416595459,POSITIVE
7fd72d70-07c4-40a0-85e9-c91df9bdefb2-1430994916704-1.7-f-04-hu.wav,0.5259289145469666,0.36934787034988403,POSITIVE
80130d3a-ceb9-4460-8464-e956bac5c40d-1436850034856-1.7-m-72-hu.wav,0.8948690891265869,0,POSITIVE
8057932d-a6af-4d63-903b-37049686e176-1430919675907-1.7-f-72-hu.wav,0.9354698657989502,0,POSITIVE
80f5ab0a-16c1-4738-9209-fbdae52ff769-1430129705555-1.7-f-04-hu.wav,0.4385133385658264,0.46064746379852295,NEGITIVE
80f5ab0a-16c1-4738-9209-fbdae52ff769-1430140636917-1.7-f-04-hu.wav,0.8959225416183472,0,POSITIVE
815af07e-4c31-4032-8bd1-dab6e60c879e-1433156413683-1.7-m-04-hu.wav,0.9823474287986755,0,POSITIVE
815af07e-4c31-4032-8bd1-dab6e60c879e-1433156423585-1.7-m-04-hu.wav,0.9477740526199341,0,POSITIVE
81724071-bc5e-4e38-8f35-85a691af5721-1430737552979-1.7-m-04-hu.wav,0.9407192468643188,0,POSITIVE
81724071-bc5e-4e38-8f35-85a691af5721-1430737564590-1.7-f-04-hu.wav,0,0.9981709122657776,NEGITIVE
818A32F4-D5D8-426C-B88C-81A8154AC81A-1430093571-1.0-m-26-hu.wav,0.9764313697814941,0,POSITIVE
837fd072-8704-4196-9ff1-1d2c07886e55-1432429468988-1.7-m-22-dc.wav,0,0,Corrupted
837fd072-8704-4196-9ff1-1d2c07886e55-1432429478471-1.7-m-22-dc.wav,0.7284815311431885,0.1825052797794342,POSITIVE
83f58ec3-a51e-47cb-b3a2-bd8dae7b9b74-1430055329702-1.7-m-72-hu.wav,0.7278725504875183,0.22178490459918976,POSITIVE
852fdfcd-a2e1-4340-89a1-b189e927e7e8-1429992410535-1.7-m-04-hu.wav,0,0.9736369848251343,NEGITIVE
85FAB169-4DCC-406D-AC93-2F6A8D797DAB-1437632128-1.1-m-04-hu.wav,0.20490007102489471,0.7161849737167358,NEGITIVE
85FAB169-4DCC-406D-AC93-2F6A8D797DAB-1437632141-1.1-m-04-hu.wav,0.6485503911972046,0.25972452759742737,POSITIVE
868D4615-B63E-4B41-9284-08AF67C2C655-1429990820-1.0-m-04-hu.wav,0.35668909549713135,0.5661219358444214,NEGITIVE
868D4615-B63E-4B41-9284-08AF67C2C655-1429990829-1.0-m-04-hu.wav,0,0.9364758133888245,NEGITIVE
868D4615-B63E-4B41-9284-08AF67C2C655-1429990838-1.0-m-04-ch.wav,0.34401705861091614,0.5704935789108276,NEGITIVE
86c2b87a-ae7c-46a3-b6fb-7ebe748812cf-1430036547966-1.7-m-04-hu.wav,0.33083581924438477,0.5165663361549377,NEGITIVE
86c2b87a-ae7c-46a3-b6fb-7ebe748812cf-1430036562389-1.7-m-04-hu.wav,0.8468103408813477,0.11728407442569733,POSITIVE
86c2b87a-ae7c-46a3-b6fb-7ebe748812cf-1430036593222-1.7-f-26-hu.wav,0.8559879064559937,0.10848447680473328,POSITIVE
88da3fbd-926b-4ee7-ae8f-85f92f2783b0-1430114329442-1.7-m-04-hu.wav,0.9798582196235657,0,POSITIVE
88da3fbd-926b-4ee7-ae8f-85f92f2783b0-1430443736716-1.7-m-04-hu.wav,0.5458397269248962,0.34157100319862366,POSITIVE
89964233-cbdb-4f34-a819-5f4b5ce3f5f5-1430043000027-1.7-f-04-hu.wav,0.17715775966644287,0.7572677135467529,NEGITIVE
89964233-cbdb-4f34-a819-5f4b5ce3f5f5-1430049852345-1.7-f-04-hu.wav,0.9338245391845703,0,POSITIVE
89964233-cbdb-4f34-a819-5f4b5ce3f5f5-1430049868816-1.7-f-04-hu.wav,0.9713768362998962,0,POSITIVE
89bd9760-0f56-4e41-98e0-d3fd7988d88f-1426169987317-1.4-m-04-hu.wav,0.47594887018203735,0.3867294192314148,POSITIVE
89e783af-dea5-4258-a990-1094c687a54c-1430658004327-1.7-m-04-hu.wav,0,0.9792697429656982,NEGITIVE
89e783af-dea5-4258-a990-1094c687a54c-1430658035133-1.7-m-04-bu.wav,0,0.99925696849823,NEGITIVE
8C13A1F9-62CC-46AA-9192-BECE5CDD5CB0-1430167737-1.0-f-72-hu.wav,0,0.9982832670211792,NEGITIVE
8C13A1F9-62CC-46AA-9192-BECE5CDD5CB0-1430167784-1.0-f-72-hu.wav,0,0.9118255972862244,NEGITIVE
8C13A1F9-62CC-46AA-9192-BECE5CDD5CB0-1430249362-1.0-f-72-hu.wav,0.29100891947746277,0.6208356618881226,NEGITIVE
8E315D16-A088-4FE5-98FE-E219ABA05079-1436939341-1.1-m-04-hu.wav,0.5189834833145142,0.35830989480018616,POSITIVE
8EAD93F7-E5D9-4969-B51C-168380BA2164-1430098190-1.0-m-04-ti.wav,0,0.9974972009658813,NEGITIVE
8FDA58A7-FDC6-4421-855F-738E6E853E43-1429895742-1.0-m-26-hu.wav,0.9245074391365051,0,POSITIVE
8FDA58A7-FDC6-4421-855F-738E6E853E43-1429895751-1.0-m-26-hu.wav,0.9740430116653442,0,POSITIVE
8FDA58A7-FDC6-4421-855F-738E6E853E43-1429895780-1.0-m-26-hu.wav,0.9890005588531494,0,POSITIVE
8a19e423-4819-44f7-b2d4-f6cfaa4b9df7-1436845856177-1.7-m-72-hu.wav,0.28439897298812866,0.6049492955207825,NEGITIVE
8b1faa77-e3ac-48af-bf2a-58aadebefcba-1436798541805-1.7-m-04-hu.wav,0.8345857858657837,0.13945935666561127,POSITIVE
8b1faa77-e3ac-48af-bf2a-58aadebefcba-1436814062609-1.7-f-04-hu.wav,0.8815072774887085,0,POSITIVE
8c2a1f03-07f4-4aee-a73f-bc57beb2b600-1430761324670-1.7-f-26-hu.wav,0.9719215035438538,0,POSITIVE
8c66887c-8251-49fa-903b-c02d56405f58-1436856065644-1.7-m-26-hu.wav,0.7621083855628967,0.18322640657424927,POSITIVE
8c66887c-8251-49fa-903b-c02d56405f58-1436856137837-1.7-m-26-hu.wav,0.9869883060455322,0,POSITIVE
8c920fd0-fa9f-4926-bcac-074767dcbfcd-1436850948195-1.7-m-04-hu.wav,0.9253941774368286,0,POSITIVE
8c920fd0-fa9f-4926-bcac-074767dcbfcd-1436856363348-1.7-f-04-hu.wav,0.7512720823287964,0.17766496539115906,POSITIVE
8c920fd0-fa9f-4926-bcac-074767dcbfcd-1436856374250-1.7-m-04-hu.wav,0,0.901094913482666,NEGITIVE
8c920fd0-fa9f-4926-bcac-074767dcbfcd-1436856382717-1.7-m-04-hu.wav,0.8603867888450623,0.11606097221374512,POSITIVE
8c920fd0-fa9f-4926-bcac-074767dcbfcd-1436891592785-1.7-m-04-hu.wav,0.703241229057312,0.19846655428409576,POSITIVE
8cfd3533-41d8-4db6-b588-14ecdd05e308-1430050367418-1.7-f-26-dc.wav,0,0.9519206285476685,NEGITIVE
8e616f88-e786-4ed0-9a65-5f033b1b5a8c-1425397482198-1.2-f-72-hu.wav,0,0.9976063966751099,NEGITIVE
8e616f88-e786-4ed0-9a65-5f033b1b5a8c-1425400158637-1.2-f-72-hu.wav,0,0.9735887050628662,NEGITIVE
8f4dbf5a-b504-4452-b6ac-94e646a6a052-1430727792958-1.7-f-72-hu.wav,0.9575774669647217,0,POSITIVE
8f4dbf5a-b504-4452-b6ac-94e646a6a052-1430727806162-1.7-f-72-hu.wav,0.9746614098548889,0,POSITIVE
8f4dbf5a-b504-4452-b6ac-94e646a6a052-1430729451597-1.7-f-72-hu.wav,0.6007784605026245,0.317264199256897,POSITIVE
8f4dbf5a-b504-4452-b6ac-94e646a6a052-1430734962301-1.7-f-72-hu.wav,0.9049188494682312,0,POSITIVE
8f4dbf5a-b504-4452-b6ac-94e646a6a052-1430735028906-1.7-f-72-hu.wav,0.9940313100814819,0,POSITIVE
8f4dbf5a-b504-4452-b6ac-94e646a6a052-1430735040980-1.7-f-72-hu.wav,0.9878138303756714,0,POSITIVE
8f4dbf5a-b504-4452-b6ac-94e646a6a052-1430735057816-1.7-f-72-hu.wav,0.9891692399978638,0,POSITIVE
8f4dbf5a-b504-4452-b6ac-94e646a6a052-1430735157938-1.7-f-72-hu.wav,0.5603991746902466,0.311422735452652,POSITIVE
8f5c01dc-6826-4076-a831-027ad61afdaf-1435873509176-1.7-f-26-hu.wav,0.9600870609283447,0,POSITIVE
9090c7a3-bebc-4485-aafc-64e4298da3ac-1430080496280-1.7-f-72-hu.wav,0.4384938180446625,0.4443091154098511,NEGITIVE
9090c7a3-bebc-4485-aafc-64e4298da3ac-1430085640477-1.7-f-26-hu.wav,0,0.9938173890113831,NEGITIVE
9090c7a3-bebc-4485-aafc-64e4298da3ac-1430088396663-1.7-f-26-hu.wav,0.9666773080825806,0,POSITIVE
9090c7a3-bebc-4485-aafc-64e4298da3ac-1430109146143-1.7-f-26-hu.wav,0.9742667078971863,0,POSITIVE
92d08bbe-553f-4844-85b1-15d572f06ea2-1436873123434-1.7-m-04-hu.wav,0.8930510878562927,0,POSITIVE
92d08bbe-553f-4844-85b1-15d572f06ea2-1436873183951-1.7-m-04-hu.wav,0.967497706413269,0,POSITIVE
92d08bbe-553f-4844-85b1-15d572f06ea2-1436873211119-1.7-m-04-hu.wav,0.8233678936958313,0.12520839273929596,POSITIVE
94c9b340-f5de-418d-a51a-4a8147e29fcd-1437009032888-1.7-f-26-hu.wav,0.19050520658493042,0.7004075050354004,NEGITIVE
95e79423-06ed-444c-891f-4d580b6b034b-1429966309194-1.7-m-26-hu.wav,0,0.9973169565200806,NEGITIVE
9641D2D5-7D9F-41B2-8345-229AE9555FEC-1430022534-1.0-m-72-hu.wav,0,0.9993126392364502,NEGITIVE
9641D2D5-7D9F-41B2-8345-229AE9555FEC-1430022546-1.0-m-72-hu.wav,0.5806843042373657,0.3149354159832001,POSITIVE
96986c8b-9988-4c37-a0f8-e7c4269cc3ac-1431719845836-1.7-m-26-hu.wav,0.968037486076355,0,POSITIVE
98124f3c-0d5f-48ee-8a04-e0dbb25c4d74-1431198423074-1.7-f-04-hu.wav,0.3433423936367035,0.5271204710006714,NEGITIVE
98124f3c-0d5f-48ee-8a04-e0dbb25c4d74-1431198435513-1.7-f-04-hu.wav,0,0.9494338631629944,NEGITIVE
98124f3c-0d5f-48ee-8a04-e0dbb25c4d74-1431198456777-1.7-f-04-hu.wav,0,0.8614678382873535,NEGITIVE
99005fd0-20a8-4ed4-b3e5-e82892034f98-1430057863783-1.7-f-72-hu.wav,0,0.9745252132415771,NEGITIVE
990DE219-FCD1-4634-91CE-19AB93E5D2B0-1430214575-1.0-m-04-hu.wav,0.8581920862197876,0.12222693860530853,POSITIVE
990DE219-FCD1-4634-91CE-19AB93E5D2B0-1430214667-1.0-m-04-hu.wav,0,0.9915738105773926,NEGITIVE
990DE219-FCD1-4634-91CE-19AB93E5D2B0-1430214758-1.0-m-04-hu.wav,0,0.9958699941635132,NEGITIVE
9936554c-1f98-4f06-b17e-a7bdf9a7138b-1431095311407-1.7-f-72-hu.wav,0,0.9009833335876465,NEGITIVE
993a11b3-a796-46ce-9f8e-7fc8854f9e85-1430724734494-1.7-m-26-ti.wav,0,0.9339851140975952,NEGITIVE
999bf14b-e417-4b44-b746-9253f81efe38-1430813905178-1.7-m-04-hu.wav,0.46351099014282227,0.42400315403938293,POSITIVE
999bf14b-e417-4b44-b746-9253f81efe38-1430813920281-1.7-m-04-hu.wav,0.30067163705825806,0.5899524688720703,NEGITIVE
999bf14b-e417-4b44-b746-9253f81efe38-1430813958086-1.7-m-04-ti.wav,0.20111452043056488,0.7350187301635742,NEGITIVE
999bf14b-e417-4b44-b746-9253f81efe38-1430844940177-1.7-m-04-hu.wav,0.9559362530708313,0,POSITIVE
999bf14b-e417-4b44-b746-9253f81efe38-1430844958178-1.7-m-04-ch.wav,0.9724810123443604,0,POSITIVE
999bf14b-e417-4b44-b746-9253f81efe38-1430844979531-1.7-m-04-ch.wav,0.6083453297615051,0.2981135845184326,POSITIVE
999bf14b-e417-4b44-b746-9253f81efe38-1430844994519-1.7-m-04-ch.wav,0.9784947633743286,0,POSITIVE
999bf14b-e417-4b44-b746-9253f81efe38-1430845018393-1.7-m-26-ch.wav,0.8204927444458008,0.14140267670154572,POSITIVE
999bf14b-e417-4b44-b746-9253f81efe38-1430845035663-1.7-m-26-ch.wav,0.9751766920089722,0,POSITIVE
999bf14b-e417-4b44-b746-9253f81efe38-1430972705879-1.7-m-26-hu.wav,0.3021511435508728,0.6095855236053467,NEGITIVE
999bf14b-e417-4b44-b746-9253f81efe38-1430972820020-1.7-m-26-bu.wav,0,0.961198627948761,NEGITIVE
999bf14b-e417-4b44-b746-9253f81efe38-1430972893645-1.7-m-26-hu.wav,0.2622902989387512,0.634856104850769,NEGITIVE
999bf14b-e417-4b44-b746-9253f81efe38-1430974001343-1.7-m-26-bp.wav,0.9772531390190125,0,POSITIVE
999bf14b-e417-4b44-b746-9253f81efe38-1431013054417-1.7-m-26-hu.wav,0.9811868667602539,0,POSITIVE
999bf14b-e417-4b44-b746-9253f81efe38-1431013068243-1.7-m-26-hu.wav,0.9678370952606201,0,POSITIVE
9CFD61B9-BF13-406D-8B2F-F73CFAAF25CB-1430927693-1.0-f-04-hu.wav,0.9832214117050171,0,POSITIVE
9CFD61B9-BF13-406D-8B2F-F73CFAAF25CB-1430927704-1.0-f-04-hu.wav,0.957693338394165,0,POSITIVE
9CFD61B9-BF13-406D-8B2F-F73CFAAF25CB-1430927716-1.0-f-04-hu.wav,0.9172558784484863,0,POSITIVE
9CFD61B9-BF13-406D-8B2F-F73CFAAF25CB-1430927728-1.0-f-04-hu.wav,0.3999069929122925,0.4595547318458557,NEGITIVE
9CFD61B9-BF13-406D-8B2F-F73CFAAF25CB-1430927741-1.0-f-04-hu.wav,0.9429098963737488,0,POSITIVE
9aa8bac5-eeb9-4f19-a4bf-7c439e87364b-1430745312460-1.7-m-04-hu.wav,0.6867858171463013,0.21932077407836914,POSITIVE
9aa8bac5-eeb9-4f19-a4bf-7c439e87364b-1430745372160-1.7-m-04-hu.wav,0,0.8800137042999268,NEGITIVE
9aa8bac5-eeb9-4f19-a4bf-7c439e87364b-1430745385374-1.7-m-04-hu.wav,0.9402979612350464,0,POSITIVE
9fe37482-6a64-401d-b8b9-3e47d6ed9ac0-1430047337342-1.7-f-26-hu.wav,0,0.9987124800682068,NEGITIVE
9fe37482-6a64-401d-b8b9-3e47d6ed9ac0-1430047362195-1.7-f-26-hu.wav,0.9794210195541382,0,POSITIVE
9fe37482-6a64-401d-b8b9-3e47d6ed9ac0-1430047373513-1.7-f-26-hu.wav,0.9755200147628784,0,POSITIVE
9fe37482-6a64-401d-b8b9-3e47d6ed9ac0-1430047399844-1.7-f-26-hu.wav,0.9921036958694458,0,POSITIVE
9fe37482-6a64-401d-b8b9-3e47d6ed9ac0-1430047572524-1.7-f-26-hu.wav,0,0.9851958751678467,NEGITIVE
9fe37482-6a64-401d-b8b9-3e47d6ed9ac0-1430047590938-1.7-f-26-hu.wav,0.9756513833999634,0,POSITIVE
A0071AA9-D2E3-4F6E-B670-B9453231579D-1430127893-1.0-m-04-hu.wav,0.29715102910995483,0.5844216346740723,NEGITIVE
A02A7963-2D88-4CB8-B785-3CCD57E11128-1429626448-1.0-m-04-hu.wav,0,0.9987789392471313,NEGITIVE
A123AD65-38D3-4A65-AB37-330034765840-1430093687-1.0-m-04-hu.wav,0,0.9551973342895508,NEGITIVE
A123AD65-38D3-4A65-AB37-330034765840-1430093699-1.0-m-04-hu.wav,0.4494331479072571,0.43349891901016235,POSITIVE
A123AD65-38D3-4A65-AB37-330034765840-1430093710-1.0-m-04-hu.wav,0.7801257371902466,0.17302757501602173,POSITIVE
A123AD65-38D3-4A65-AB37-330034765840-1430093726-1.0-m-04-hu.wav,0.7571603059768677,0.17653319239616394,POSITIVE
A13B7E0F-8B96-48E5-8ED3-EEB7577C104D-1430726053-1.0-f-04-hu.wav,0,0.9963510036468506,NEGITIVE
A13B7E0F-8B96-48E5-8ED3-EEB7577C104D-1430726062-1.0-f-04-hu.wav,0,0.9767046570777893,NEGITIVE
A266A9DF-6D53-4252-82AE-1345D474BEA1-1430710385-1.0-m-04-hu.wav,0,0.9660187363624573,NEGITIVE
AA2CA7F6-4547-4CC0-AA4C-5D7B64727FB5-1437123487-1.1-f-26-hu.wav,0.9460461139678955,0,POSITIVE
AA48A016-A2C9-4CCB-BF8E-0F65A51C3A31-1430056972-1.0-m-04-hu.wav,0,0.988318920135498,NEGITIVE
AA48A016-A2C9-4CCB-BF8E-0F65A51C3A31-1430057048-1.0-m-04-hu.wav,0.5819159150123596,0.29867881536483765,POSITIVE
AA48A016-A2C9-4CCB-BF8E-0F65A51C3A31-1430058758-1.0-m-04-hu.wav,0.2206355631351471,0.6966996192932129,NEGITIVE
AB0BF923-F128-4891-8170-170F4A1E31D6-1432208229-1.1-f-04-hu.wav,0,0.9618653655052185,NEGITIVE
AE02C934-F4E5-4C73-818D-56AA6887EC18-1430250482-1.0-m-04-hu.wav,0,0.9983837604522705,NEGITIVE
AE02C934-F4E5-4C73-818D-56AA6887EC18-1430279441-1.0-m-26-hu.wav,0.9843050241470337,0,POSITIVE
AE02C934-F4E5-4C73-818D-56AA6887EC18-1430279454-1.0-m-26-hu.wav,0.11140801012516022,0.8516073226928711,NEGITIVE
AE02C934-F4E5-4C73-818D-56AA6887EC18-1430279481-1.0-m-26-dc.wav,0.442972868680954,0.4720437526702881,NEGITIVE
AEA8AE04-D00E-48A7-8A0B-6D87E2175121-1430100439-1.0-m-04-hu.wav,0.14051561057567596,0.8075310587882996,NEGITIVE
AEA8AE04-D00E-48A7-8A0B-6D87E2175121-1430563241-1.0-f-72-bu.wav,0.959096372127533,0,POSITIVE
B0D9116D-8FA4-41AF-B626-BE508FD5CA04-1430832542-1.0-m-04-hu.wav,0.9381107091903687,0,POSITIVE
B270597F-6C5E-44B8-B353-E7BA5539BC11-1430764336-1.0-m-72-hu.wav,0.27987027168273926,0.6471983194351196,NEGITIVE
B2A105BB-347B-4878-A735-AA4ECF32CD16-1436864116-1.1-m-26-hu.wav,0.9833224415779114,0,POSITIVE
B2AABCE0-1F62-4B57-B58A-308959ABDFE7-1437188751-1.1-m-26-ti.wav,0.9750539064407349,0,POSITIVE
B2AABCE0-1F62-4B57-B58A-308959ABDFE7-1437188766-1.1-m-26-ti.wav,0.9821571707725525,0,POSITIVE
B327333E-2DE2-4833-A75A-4C576208BED3-1430087416-1.0-f-48-hu.wav,0,0.9982011318206787,NEGITIVE
B327333E-2DE2-4833-A75A-4C576208BED3-1430087429-1.0-f-48-hu.wav,0.10513879358768463,0.8518822193145752,NEGITIVE
B327333E-2DE2-4833-A75A-4C576208BED3-1430087443-1.0-f-48-hu.wav,0,0.9325422048568726,NEGITIVE
B327333E-2DE2-4833-A75A-4C576208BED3-1430087456-1.0-f-48-hu.wav,0,0.9337641000747681,NEGITIVE
B400D2D0-9FCE-472E-A152-1FF349B9B407-1436845915-1.1-m-04-hu.wav,0.5748436450958252,0.31942376494407654,POSITIVE
B456CE9D-CBD4-43E5-899B-8B8B0483F17D-1430750743-1.0-m-72-hu.wav,0.18375253677368164,0.7259567975997925,NEGITIVE
B456CE9D-CBD4-43E5-899B-8B8B0483F17D-1431015486-1.0-m-72-hu.wav,0.7894518375396729,0.16738784313201904,POSITIVE
C249BCDD-0F65-4D6A-82BE-43C4006E3DDB-1436890795-1.1-m-72-hu.wav,0.23049592971801758,0.6484594941139221,NEGITIVE
C249BCDD-0F65-4D6A-82BE-43C4006E3DDB-1436891733-1.1-m-72-hu.wav,0.9808107018470764,0,POSITIVE
C249BCDD-0F65-4D6A-82BE-43C4006E3DDB-1436891742-1.1-m-72-hu.wav,0.9417731761932373,0,POSITIVE
C421C6FE-DFEE-4080-8AEA-848E7CE4756B-1430183749-1.0-m-04-hu.wav,0,0.9998614192008972,NEGITIVE
C421C6FE-DFEE-4080-8AEA-848E7CE4756B-1430303147-1.0-f-04-hu.wav,0.674045205116272,0.21391043066978455,POSITIVE
C421C6FE-DFEE-4080-8AEA-848E7CE4756B-1430303693-1.0-f-04-hu.wav,0.8138355612754822,0.1453288197517395,POSITIVE
C421C6FE-DFEE-4080-8AEA-848E7CE4756B-1430548038-1.0-f-04-hu.wav,0.8268686532974243,0.12035927176475525,POSITIVE
C421C6FE-DFEE-4080-8AEA-848E7CE4756B-1430548250-1.0-f-48-hu.wav,0.9697227478027344,0,POSITIVE
C421C6FE-DFEE-4080-8AEA-848E7CE4756B-1430548277-1.0-f-26-hu.wav,0.9783509373664856,0,POSITIVE
C421C6FE-DFEE-4080-8AEA-848E7CE4756B-1430548333-1.0-f-26-bp.wav,0.9716924428939819,0,POSITIVE
C421C6FE-DFEE-4080-8AEA-848E7CE4756B-1430548384-1.0-m-26-ti.wav,0.8348556756973267,0.1344444304704666,POSITIVE
C421C6FE-DFEE-4080-8AEA-848E7CE4756B-1430548393-1.0-f-26-ti.wav,0.9772423505783081,0,POSITIVE
C5127741-5897-468C-A543-7F1B72569F0E-1427294402-1.0-f-72-ch.wav,0,0.9990115165710449,NEGITIVE
C5127741-5897-468C-A543-7F1B72569F0E-1427370068-1.0-f-26-dc.wav,0.25765669345855713,0.6382662057876587,NEGITIVE
C5127741-5897-468C-A543-7F1B72569F0E-1428333946-1.0-m-26-ti.wav,0.44804155826568604,0.44796130061149597,POSITIVE
C5127741-5897-468C-A543-7F1B72569F0E-1428333964-1.0-m-26-ti.wav,0,0.9968108534812927,NEGITIVE
CC2AE091-2951-4EFC-BEB9-6FD50133654D-1428590507-1.0-m-04-hu.wav,0.20047718286514282,0.7138687372207642,NEGITIVE
CC8771B1-C84E-4223-A010-029A7629A975-1434107299-1.1-f-04-hu.wav,0.9920048713684082,0,POSITIVE
CF7F6316-019B-4B3C-9EE1-A62EB5F1D0EE-1426957748.47029-1-0911C8F7-99D0-4A44-BC34-894BA5D83032-f-26-ti.caf.wav,0.6714001893997192,0.22153763473033905,POSITIVE
CF7F6316-019B-4B3C-9EE1-A62EB5F1D0EE-1426958010-1.0-96274EC9-59EB-49E3-96F3-A24D498FB7C3-f-26-ti.caf.wav,0.12135979533195496,0.8204900622367859,NEGITIVE
CF7F6316-019B-4B3C-9EE1-A62EB5F1D0EE-1426958417-1.0-f-26-ti.wav,0.5152513980865479,0.3427032232284546,POSITIVE
CF7F6316-019B-4B3C-9EE1-A62EB5F1D0EE-1427013821-1.0-m-04-ti.wav,0.2822411060333252,0.6228324174880981,NEGITIVE
CF7F6316-019B-4B3C-9EE1-A62EB5F1D0EE-1427123732-1.0-f-72-ti.wav,0,0.9185711145401001,NEGITIVE
CF7F6316-019B-4B3C-9EE1-A62EB5F1D0EE-1427123757-1.0-f-72-ti.wav,0,0.9973956942558289,NEGITIVE
CF7F6316-019B-4B3C-9EE1-A62EB5F1D0EE-1427123764-1.0-f-72-ti.wav,0,0.8643755912780762,NEGITIVE
CF7F6316-019B-4B3C-9EE1-A62EB5F1D0EE-1427123778-1.0-m-22-dc.wav,0,0.915337085723877,NEGITIVE
CORRUPTED_F15D825B-F861-410B-ACC9-9863C8949217-1427012078-1.0-m-04-ti.wav,0,0,Corrupted
D18A30C6-4370-4BE0-83F8-031892F96603-1432989796-1.1-f-04-hu.wav,0.9544459581375122,0,POSITIVE
D1CB71F9-EF76-49B3-A703-41D557444D21-1436863366-1.1-m-04-hu.wav,0.7217665910720825,0.214626282453537,POSITIVE
D1CB71F9-EF76-49B3-A703-41D557444D21-1436863375-1.1-m-04-hu.wav,0.9370278120040894,0,POSITIVE
D1CB71F9-EF76-49B3-A703-41D557444D21-1436863419-1.1-f-26-dc.wav,0.985925018787384,0,POSITIVE
D2E9D2AD-67E5-4BED-9645-AF6B09F6FED3-1431131889-1.0-m-04-hu.wav,0,0.8584479093551636,NEGITIVE
D4665929-8695-4655-927F-63F09B2D4CB8-1430726273-1.0-f-26-ti.wav,0.14273740351200104,0.8112585544586182,NEGITIVE
D4665929-8695-4655-927F-63F09B2D4CB8-1430726940-1.0-f-26-ti.wav,0.561386227607727,0.3576506972312927,POSITIVE
D54D9C2A-56ED-4338-9D1F-2ADB4E081DAD-1429807587-1.0-m-48-hu.wav,0.9715524911880493,0,POSITIVE
D54D9C2A-56ED-4338-9D1F-2ADB4E081DAD-1429807598-1.0-m-48-hu.wav,0.8464699983596802,0.1356978714466095,POSITIVE
D54D9C2A-56ED-4338-9D1F-2ADB4E081DAD-1430036283-1.0-m-48-hu.wav,0.9873080253601074,0,POSITIVE
D54D9C2A-56ED-4338-9D1F-2ADB4E081DAD-1430036301-1.0-m-48-hu.wav,0.8653061389923096,0.11430569738149643,POSITIVE
D635EE07-E5A0-4DAD-8FD9-C1BFD5A4227E-1430037302-1.0-m-04-hu.wav,0.40820109844207764,0.4826807379722595,NEGITIVE
D635EE07-E5A0-4DAD-8FD9-C1BFD5A4227E-1430037316-1.0-m-04-hu.wav,0.9804689884185791,0,POSITIVE
D833237F-1F7C-4338-BEDE-84C0CF5F4145-1430083995-1.0-f-26-hu.wav,0.9801537990570068,0,POSITIVE
D833237F-1F7C-4338-BEDE-84C0CF5F4145-1430084007-1.0-f-26-hu.wav,0.9760484099388123,0,POSITIVE
DB95BF4A-E3E5-4429-A660-DBBCF486E6DF-1430659631-1.0-f-72-hu.wav,0,0.8772087097167969,NEGITIVE
DB95BF4A-E3E5-4429-A660-DBBCF486E6DF-1430664611-1.0-f-72-hu.wav,0.9610199332237244,0,POSITIVE
DB95BF4A-E3E5-4429-A660-DBBCF486E6DF-1430664633-1.0-f-72-hu.wav,0.654645562171936,0.2722969949245453,POSITIVE
DBA77EDC-D457-4B3A-83B8-B7AFBF272D4E-1436860474-1.1-m-72-hu.wav,0,0.921964168548584,NEGITIVE
DBA77EDC-D457-4B3A-83B8-B7AFBF272D4E-1436860486-1.1-m-72-hu.wav,0.4874589443206787,0.4081128239631653,POSITIVE
DCB33551-F9BA-4B4A-8DA1-A3107E1AD859-1430406483-1.0-m-04-hu.wav,0.8577256202697754,0.11488080024719238,POSITIVE
DCB33551-F9BA-4B4A-8DA1-A3107E1AD859-1430406495-1.0-m-04-hu.wav,0.9646599292755127,0,POSITIVE
DCB33551-F9BA-4B4A-8DA1-A3107E1AD859-1432868499-1.1-m-04-hu.wav,0,0.9810749888420105,NEGITIVE
E049CCE9-2261-460C-BE30-39AB4554CC04-1430729747-1.0-m-04-hu.wav,0,0.9831897020339966,NEGITIVE
E13F017B-1BDD-4803-BFE5-F001D5F759F9-1436852764-1.1-m-04-hu.wav,0.8152251243591309,0.14161676168441772,POSITIVE
E13F017B-1BDD-4803-BFE5-F001D5F759F9-1436852814-1.1-m-72-hu.wav,0.8100466132164001,0.1558162271976471,POSITIVE
E2C4BCE0-99FD-49EC-8AB1-5EA5DF7DD8C5-1430042952-1.0-m-04-hu.wav,0.7648587226867676,0.1890699565410614,POSITIVE
E2C4BCE0-99FD-49EC-8AB1-5EA5DF7DD8C5-1430303364-1.0-f-04-bp.wav,0.7532927989959717,0.1923314779996872,POSITIVE
E59BFF01-4B35-43B2-8FFD-50FB8E901CFC-1433384203-1.1-m-04-hu.wav,0.5468894243240356,0.29561102390289307,POSITIVE
E98850F4-511B-43D7-8763-25152F771BEE-1430209182-1.0-m-04-hu.wav,0.8494572639465332,0.12464818358421326,POSITIVE
E98850F4-511B-43D7-8763-25152F771BEE-1430209204-1.0-f-22-hu.wav,0.7136166095733643,0.19883760809898376,POSITIVE
EB330CD6-69CF-436D-8888-73A7BB0EF98E-1430757926-1.0-m-04-hu.wav,0.8687041997909546,0.11489946395158768,POSITIVE
EC12DE99-3209-43C2-B7E6-3609AE95DB3D-1430063961-1.0-m-04-hu.wav,0,0.9991476535797119,NEGITIVE
EC12DE99-3209-43C2-B7E6-3609AE95DB3D-1430098376-1.0-m-04-hu.wav,0.17418190836906433,0.757102370262146,NEGITIVE
EC2E1160-BC33-450A-A62D-DE2A4C0D42BB-1430039051-1.0-f-48-hu.wav,0.9837712645530701,0,POSITIVE
ECADF9A2-5240-48B4-A4D8-24AF5B243947-1435584521-1.1-m-04-hu.wav,0.18567165732383728,0.738264262676239,NEGITIVE
ECADF9A2-5240-48B4-A4D8-24AF5B243947-1435584538-1.1-m-04-hu.wav,0.9032657146453857,0,POSITIVE
ECADF9A2-5240-48B4-A4D8-24AF5B243947-1435584646-1.1-m-04-hu.wav,0.772065281867981,0.17276355624198914,POSITIVE
ECADF9A2-5240-48B4-A4D8-24AF5B243947-1435584660-1.1-m-04-hu.wav,0.9003320932388306,0,POSITIVE
EEC0D4CB-EA13-4B58-807D-5644BAFF70DA-1430108548-1.0-m-04-hu.wav,0,0.9999493360519409,NEGITIVE
EEC0D4CB-EA13-4B58-807D-5644BAFF70DA-1431770558-1.1-f-22-hu.wav,0.4619249403476715,0.4408169388771057,POSITIVE
EEC0D4CB-EA13-4B58-807D-5644BAFF70DA-1431770578-1.1-f-22-hu.wav,0.9453481435775757,0,POSITIVE
EEC0D4CB-EA13-4B58-807D-5644BAFF70DA-1431770588-1.1-f-22-hu.wav,0.46100345253944397,0.4574694335460663,POSITIVE
EEC0D4CB-EA13-4B58-807D-5644BAFF70DA-1431770596-1.1-f-22-hu.wav,0.7469411492347717,0.1964350938796997,POSITIVE
EEC0D4CB-EA13-4B58-807D-5644BAFF70DA-1431770606-1.1-f-22-hu.wav,0.13542670011520386,0.8075100183486938,NEGITIVE
EEC0D4CB-EA13-4B58-807D-5644BAFF70DA-1431770616-1.1-f-22-hu.wav,0.6358894109725952,0.2782483994960785,POSITIVE
F15D825B-F861-410B-ACC9-9863C8949217-1426958827-1.0-f-26-ti.wav,0.3479534387588501,0.5072718262672424,NEGITIVE
F15D825B-F861-410B-ACC9-9863C8949217-1426966958-1.0-f-72-dc.wav,0.7034875154495239,0.22112368047237396,POSITIVE
F15D825B-F861-410B-ACC9-9863C8949217-1426967021-1.0-f-72-dc.wav,0.6447359919548035,0.26245689392089844,POSITIVE
F15D825B-F861-410B-ACC9-9863C8949217-1427011983-1.0-m-04-ti.wav,0.44204139709472656,0.4446093440055847,NEGITIVE
F15D825B-F861-410B-ACC9-9863C8949217-1427012060-1.0-m-04-ti.wav,0.3882104754447937,0.3277045488357544,POSITIVE
F15D825B-F861-410B-ACC9-9863C8949217-1427012070-1.0-m-04-ti.wav,0.36964499950408936,0.34725216031074524,POSITIVE
F15D825B-F861-410B-ACC9-9863C8949217-1427012073-1.0-m-04-ti.wav,0.3468850255012512,0.34382447600364685,POSITIVE
F15D825B-F861-410B-ACC9-9863C8949217-1427012076-1.0-m-04-ti.wav,0,0,Corrupted
F15D825B-F861-410B-ACC9-9863C8949217-1427012079-1.0-m-04-ti.wav,0,0,Corrupted
F15D825B-F861-410B-ACC9-9863C8949217-1427012192-1.0-m-04-ti.wav,0.35932281613349915,0.3319348096847534,POSITIVE
F15D825B-F861-410B-ACC9-9863C8949217-1427012195-1.0-m-04-ti.wav,0.34960436820983887,0.3418710231781006,POSITIVE
F15D825B-F861-410B-ACC9-9863C8949217-1427012197-1.0-m-04-ti.wav,0,0,Corrupted
F15D825B-F861-410B-ACC9-9863C8949217-1427059675-1.0-f-72-ti.wav,0.7909101247787476,0.16087549924850464,POSITIVE
F15D825B-F861-410B-ACC9-9863C8949217-1427123522-1.0-f-72-ti.wav,0,0.9420393705368042,NEGITIVE
F15D825B-F861-410B-ACC9-9863C8949217-1427127352-1.0-m-22-dc.wav,0,0.8995798230171204,NEGITIVE
F15D825B-F861-410B-ACC9-9863C8949217-1427127385-1.0-m-22-dc.wav,0.13612352311611176,0.802220344543457,NEGITIVE
F15D825B-F861-410B-ACC9-9863C8949217-1427127534-1.0-f-72-dc.wav,0,0.9145610928535461,NEGITIVE
F15D825B-F861-410B-ACC9-9863C8949217-1428577159-1.0-m-26-bp.wav,0,0.9927371740341187,NEGITIVE
F15D825B-F861-410B-ACC9-9863C8949217-1428577521-1.0-m-04-ti.wav,0,0.9912775754928589,NEGITIVE
F1AF5794-AD3B-4181-B010-AB835E5BDA64-1430441317-1.0-m-72-hu.wav,0,0.8997006416320801,NEGITIVE
F1AF5794-AD3B-4181-B010-AB835E5BDA64-1430441342-1.0-m-72-hu.wav,0.7781972885131836,0.17652441561222076,POSITIVE
F1AF5794-AD3B-4181-B010-AB835E5BDA64-1430441356-1.0-m-72-hu.wav,0,0.9862699508666992,NEGITIVE
F24DE44B-762C-4149-AC92-96A5E57ED118-1430816918-1.0-m-04-hu.wav,0.9151259660720825,0,POSITIVE
F24DE44B-762C-4149-AC92-96A5E57ED118-1430816936-1.0-m-04-hu.wav,0.9544126987457275,0,POSITIVE
F24DE44B-762C-4149-AC92-96A5E57ED118-1430816949-1.0-m-04-bu.wav,0.9664196968078613,0,POSITIVE
F2818826-74EC-41BE-A9A8-134595494738-1430830258-1.0-m-26-ti.wav,0,0.9837956428527832,NEGITIVE
F2F97740-D638-4B6F-9E09-3AC65F06B448-1436849313-1.1-f-48-hu.wav,0.9815452694892883,0,POSITIVE
F2F97740-D638-4B6F-9E09-3AC65F06B448-1436849335-1.1-f-48-hu.wav,0.904979407787323,0,POSITIVE
F3BAEDDA-CDC0-4A65-90EE-5C372CEE4F3B-1437012044-1.1-m-26-hu.wav,0.8626298308372498,0.1128101795911789,POSITIVE
F3BAEDDA-CDC0-4A65-90EE-5C372CEE4F3B-1437012059-1.1-m-26-hu.wav,0.952316164970398,0,POSITIVE
F3BAEDDA-CDC0-4A65-90EE-5C372CEE4F3B-1437012076-1.1-f-26-hu.wav,0.8569394946098328,0.12121710181236267,POSITIVE
F4A0C710-AC2D-42E0-8EA9-3E4CAC31EE20-1430318390-1.0-m-04-hu.wav,0.9790675640106201,0,POSITIVE
F4A0C710-AC2D-42E0-8EA9-3E4CAC31EE20-1430318400-1.0-m-04-hu.wav,0.9840606451034546,0,POSITIVE
F4A0C710-AC2D-42E0-8EA9-3E4CAC31EE20-1430318416-1.0-m-04-hu.wav,0.9921256303787231,0,POSITIVE
F4A65A98-ADEE-49C4-9B45-65A8429DF170-1430232330-1.0-m-72-hu.wav,0.9689593315124512,0,POSITIVE
F6C6D3EE-F139-48A4-9EAC-0A50EB011CDC-1430103957-1.0-m-04-hu.wav,0.9910863637924194,0,POSITIVE
F6C6D3EE-F139-48A4-9EAC-0A50EB011CDC-1430103974-1.0-m-04-hu.wav,0.9560701251029968,0,POSITIVE
F950E7E3-A1A5-4A01-99F4-9B155C3C6606-1430065557-1.0-m-72-hu.wav,0,0.9999001026153564,NEGITIVE
F950E7E3-A1A5-4A01-99F4-9B155C3C6606-1430305696-1.0-m-72-hu.wav,0.9468928575515747,0,POSITIVE
F95D4BCE-2FB0-4A0C-A058-BFB0674539AF-1430055800-1.0-m-26-hu.wav,0.6539465188980103,0.24515855312347412,POSITIVE
F95D4BCE-2FB0-4A0C-A058-BFB0674539AF-1430055809-1.0-m-26-hu.wav,0.7831023931503296,0.16168536245822906,POSITIVE
F95D4BCE-2FB0-4A0C-A058-BFB0674539AF-1430055950-1.0-m-26-hu.wav,0.9263770580291748,0,POSITIVE
F95D4BCE-2FB0-4A0C-A058-BFB0674539AF-1430897884-1.0-f-72-ti.wav,0.5078035593032837,0.384854257106781,POSITIVE
FA89AE16-BDB4-4F82-BD6A-EFCC90CB06AF-1430785281-1.0-m-04-hu.wav,0,0.9677913188934326,NEGITIVE
FAE74A94-9968-43ED-958C-50D7C4C1F13C-1430770858-1.0-f-22-hu.wav,0.666255533695221,0.2603498697280884,POSITIVE
FAE74A94-9968-43ED-958C-50D7C4C1F13C-1430770871-1.0-f-22-hu.wav,0.9457670450210571,0,POSITIVE
FF2CD2F6-404D-4626-8718-6E6C751F63B8-1430854270-1.0-m-04-hu.wav,0.16051709651947021,0.7553517818450928,NEGITIVE
FF2CD2F6-404D-4626-8718-6E6C751F63B8-1430854494-1.0-m-04-hu.wav,0,0.8881738781929016,NEGITIVE
FF2CD2F6-404D-4626-8718-6E6C751F63B8-1431104337-1.0-m-04-hu.wav,0.9654117822647095,0,POSITIVE
FF2CD2F6-404D-4626-8718-6E6C751F63B8-1431104346-1.0-m-04-hu.wav,0.990621030330658,0,POSITIVE
FF2CD2F6-404D-4626-8718-6E6C751F63B8-1431104360-1.0-m-04-hu.wav,0.9910854697227478,0,POSITIVE
FF2CD2F6-404D-4626-8718-6E6C751F63B8-1431104396-1.0-m-04-hu.wav,0.9729580879211426,0,POSITIVE
FF482278-24C9-4FB0-A7BE-FD92D1FE17B4-1430028319-1.0-m-26-hu.wav,0.9615918397903442,0,POSITIVE
FF9924CF-5854-4B70-AD06-5BC3ED07534C-1430038204-1.0-f-04-hu.wav,0.5415084362030029,0.35771751403808594,POSITIVE
Kopia av 0c8f14a9-6999-485b-97a2-913c1cbf099c-1430730731842-1.7-m-26-hu.wav,0,0.9785512685775757,NEGITIVE
a0dedcdf-3af3-419e-b606-cb10a42cada7-1430026403348-1.7-f-48-hu.wav,0.34670311212539673,0.5786305665969849,NEGITIVE
a0dedcdf-3af3-419e-b606-cb10a42cada7-1430026433494-1.7-f-48-hu.wav,0.9252485036849976,0,POSITIVE
a2fec6c0-4cdf-4d5d-a1e3-67620e15001e-1430742891143-1.7-m-04-hu.wav,0,0.9985926747322083,NEGITIVE
a3e0c8b1-9c18-491b-8ac5-76e6408241cd-1430854204251-1.7-m-04-hu.wav,0.5164065361022949,0.3368217349052429,POSITIVE
a3e0c8b1-9c18-491b-8ac5-76e6408241cd-1430854233261-1.7-m-26-hu.wav,0.48848164081573486,0.39359521865844727,POSITIVE
a3e0c8b1-9c18-491b-8ac5-76e6408241cd-1430915982067-1.7-m-26-hu.wav,0.8081908226013184,0.14635968208312988,POSITIVE
a40b9b8d-e4bc-457a-badf-f38bdbc0c358-1430016745385-1.7-m-04-hu.wav,0.9674520492553711,0,POSITIVE
a40b9b8d-e4bc-457a-badf-f38bdbc0c358-1430016779981-1.7-m-26-hu.wav,0.900342583656311,0,POSITIVE
a40b9b8d-e4bc-457a-badf-f38bdbc0c358-1430016981469-1.7-m-26-dc.wav,0.9771900177001953,0,POSITIVE
a40b9b8d-e4bc-457a-badf-f38bdbc0c358-1430017040912-1.7-m-26-dc.wav,0.7416133880615234,0.19625413417816162,POSITIVE
a40b9b8d-e4bc-457a-badf-f38bdbc0c358-1430017191818-1.7-m-26-hu.wav,0.9785491228103638,0,POSITIVE
a49a3a14-3e8e-42fa-b4bb-31ca975e7e9c-1430929795639-1.7-m-48-hu.wav,0,0.9993196725845337,NEGITIVE
a56e2494-d2b2-480e-af0b-de9ea8f33572-1436897427825-1.7-f-26-hu.wav,0.9023720026016235,0,POSITIVE
a56e2494-d2b2-480e-af0b-de9ea8f33572-1436897467690-1.7-f-26-hu.wav,0.7134170532226562,0.19789816439151764,POSITIVE
a598ebcf-2d42-45c3-aeea-bdf7e3d9ddcf-1430726092281-1.7-m-04-hu.wav,0.90184485912323,0,POSITIVE
a7b13b65-da2c-48ec-8aed-46adcaba705f-1430823394930-1.7-f-26-hu.wav,0.9000102281570435,0,POSITIVE
a7b13b65-da2c-48ec-8aed-46adcaba705f-1430823489236-1.7-f-26-hu.wav,0.991961658000946,0,POSITIVE
aaa57dbd-7b88-454a-963e-6faa2f4ed4e7-1436910225455-1.7-f-04-hu.wav,0.36507970094680786,0.5275612473487854,NEGITIVE
aaa57dbd-7b88-454a-963e-6faa2f4ed4e7-1436910235521-1.7-f-04-hu.wav,0.6851344108581543,0.22932156920433044,POSITIVE
aaa57dbd-7b88-454a-963e-6faa2f4ed4e7-1436982066128-1.7-f-04-hu.wav,0.2264738380908966,0.7113258838653564,NEGITIVE
aaa57dbd-7b88-454a-963e-6faa2f4ed4e7-1436982075169-1.7-f-04-hu.wav,0.9069814085960388,0,POSITIVE
aaa57dbd-7b88-454a-963e-6faa2f4ed4e7-1436982098411-1.7-f-04-hu.wav,0.47557100653648376,0.4402388036251068,POSITIVE
aaa57dbd-7b88-454a-963e-6faa2f4ed4e7-1436988612387-1.7-f-04-hu.wav,0.9860262274742126,0,POSITIVE
aaa57dbd-7b88-454a-963e-6faa2f4ed4e7-1437166513710-1.7-f-04-hu.wav,0.9900853633880615,0,POSITIVE
ace0b3db-4d6d-429c-9d64-d64fb4f4267f-1432135561083-1.7-m-04-hu.wav,0,0.9977235794067383,NEGITIVE
ace0b3db-4d6d-429c-9d64-d64fb4f4267f-1432135571115-1.7-m-04-hu.wav,0,0.9915496110916138,NEGITIVE
ad7fd28b-3e85-4e9b-9e18-af4bda64c60f-1430756294455-1.7-m-72-hu.wav,0.6553192138671875,0.26729390025138855,POSITIVE
ad7fd28b-3e85-4e9b-9e18-af4bda64c60f-1430756389867-1.7-m-72-hu.wav,0.9698754549026489,0,POSITIVE
ad7fd28b-3e85-4e9b-9e18-af4bda64c60f-1430759104346-1.7-m-72-hu.wav,0.7198846340179443,0.21567976474761963,POSITIVE
ad7fd28b-3e85-4e9b-9e18-af4bda64c60f-1431013634119-1.7-f-72-hu.wav,0.612577497959137,0.3058050274848938,POSITIVE
adb53808-8b13-4c08-b055-6653c75298be-1430133962749-1.7-m-72-hu.wav,0.22904333472251892,0.6761683225631714,NEGITIVE
adb53808-8b13-4c08-b055-6653c75298be-1430133982281-1.7-m-72-hu.wav,0.9433996677398682,0,POSITIVE
adcefe56-90b1-4120-83b1-93008cb6f7f0-1430731683554-1.7-m-04-hu.wav,0.9917008876800537,0,POSITIVE
ae5a462b-5424-4b5b-82d5-07ccb61654ab-1430405436291-1.7-f-04-hu.wav,0.9233332872390747,0,POSITIVE
ae5a462b-5424-4b5b-82d5-07ccb61654ab-1431064345173-1.7-f-48-dc.wav,0.9057642221450806,0,POSITIVE
ae5a462b-5424-4b5b-82d5-07ccb61654ab-1431155960186-1.7-f-48-hu.wav,0.9861136674880981,0,POSITIVE
ae5f103b-5fee-442f-bb1b-d9d0570c46ab-1431533809819-1.7-m-26-hu.wav,0.9818063378334045,0,POSITIVE
ae5f103b-5fee-442f-bb1b-d9d0570c46ab-1431533857965-1.7-m-26-bp.wav,0.924583911895752,0,POSITIVE
ae7bbdba-54da-4894-93eb-05b7033ee86e-1430021934797-1.7-m-04-hu.wav,0.49721282720565796,0.4086556136608124,POSITIVE
ae7bbdba-54da-4894-93eb-05b7033ee86e-1430022487753-1.7-m-04-hu.wav,0.16248947381973267,0.7625960111618042,NEGITIVE
ae7bbdba-54da-4894-93eb-05b7033ee86e-1430022517476-1.7-m-04-hu.wav,0.159163236618042,0.7634580135345459,NEGITIVE
aeaef6c9-f6e7-4234-97a6-f3658991bb8d-1430726977462-1.7-m-04-hu.wav,0.1268461048603058,0.8188583850860596,NEGITIVE
af30880e-5f98-4dc0-b37a-be6b21fa0ba3-1431240037389-1.7-m-26-hu.wav,0.9468580484390259,0,POSITIVE
af30880e-5f98-4dc0-b37a-be6b21fa0ba3-1431240072536-1.7-m-26-bu.wav,0.9364932775497437,0,POSITIVE
af7a8a83-bee3-4638-84be-e75d8fe1f726-1436853007073-1.7-m-48-hu.wav,0.1720028817653656,0.7284546494483948,NEGITIVE
afa44e7f-4187-4f1c-9437-b49ba75f542e-1430629785235-1.7-f-04-hu.wav,0.8753664493560791,0.11249496787786484,POSITIVE
b4c460d8-bd6b-4017-9bb8-2ae4ff0c5af1-1430418266487-1.7-f-26-ti.wav,0.9915354251861572,0,POSITIVE
b4c460d8-bd6b-4017-9bb8-2ae4ff0c5af1-1432751065608-1.7-f-26-hu.wav,0.9816558957099915,0,POSITIVE
b5044f9a-6f2e-44fc-8e04-9076a988acf2-1435544527174-1.7-m-04-hu.wav,0.8331472873687744,0.1319989562034607,POSITIVE
b5044f9a-6f2e-44fc-8e04-9076a988acf2-1435544579336-1.7-m-04-hu.wav,0.17972779273986816,0.7342384457588196,NEGITIVE
b6911857-98b7-4bd7-86b9-7dec90fbd897-1431351681861-1.7-m-04-hu.wav,0,0.9009283781051636,NEGITIVE
b6911857-98b7-4bd7-86b9-7dec90fbd897-1431351696655-1.7-m-04-hu.wav,0.9889475703239441,0,POSITIVE
b6911857-98b7-4bd7-86b9-7dec90fbd897-1431351731000-1.7-m-04-hu.wav,0.9356834888458252,0,POSITIVE
b6911857-98b7-4bd7-86b9-7dec90fbd897-1431351760810-1.7-m-72-hu.wav,0.9831680059432983,0,POSITIVE
b762e555-3c12-44fa-8a5e-ec367997f2a4-1430725517211-1.7-m-26-hu.wav,0.726366400718689,0.1938396692276001,POSITIVE
b762e555-3c12-44fa-8a5e-ec367997f2a4-1430725533254-1.7-m-26-hu.wav,0.7761184573173523,0.14675690233707428,POSITIVE
b784e9c3-d9a7-41bf-b089-a690e935c063-1434088892879-1.7-m-04-hu.wav,0,0.9611526131629944,NEGITIVE
b8fe4527-5e46-437f-897d-be32112bc1c8-1430166086647-1.7-f-48-hu.wav,0.6672738790512085,0.2574612498283386,POSITIVE
b9d0daab-43c8-41f1-86af-3bcdea9af63c-1429979961789-1.7-f-22-hu.wav,0.9565075635910034,0,POSITIVE
bb0fbcb5-2cb2-4008-91e8-0da4b5a26ffc-1430001067071-1.7-m-04-hu.wav,0.799811601638794,0.15590393543243408,POSITIVE
bb2bdafb-0477-4be4-8c41-1a6192e8c6d4-1430637640279-1.7-m-72-hu.wav,0.9466867446899414,0,POSITIVE
bb2bdafb-0477-4be4-8c41-1a6192e8c6d4-1430637663087-1.7-m-72-hu.wav,0.9009022116661072,0,POSITIVE
bb2bdafb-0477-4be4-8c41-1a6192e8c6d4-1430637736064-1.7-m-72-hu.wav,0.8540827035903931,0.11580706387758255,POSITIVE
bb52adc3-851c-4eb3-ba64-a0f14d528913-1430730579838-1.7-f-48-hu.wav,0.9348814487457275,0,POSITIVE
bc4b52a3-65e5-43de-820d-28489daa27f6-1430139862723-1.7-f-04-hu.wav,0,0.9779058694839478,NEGITIVE
bd13da7f-65da-46cd-8935-c08113a14999-1430032395465-1.7-f-26-hu.wav,0.6335434317588806,0.25828564167022705,POSITIVE
bd13da7f-65da-46cd-8935-c08113a14999-1430032420370-1.7-f-26-hu.wav,0.5462765097618103,0.3278748691082001,POSITIVE
be21ef2a-a415-4e8b-bfe6-731bf9956e2c-1431320909516-1.7-f-26-hu.wav,0.9783189296722412,0,POSITIVE
bfbc4d23-39b2-4b33-b686-2f048f062b60-1430077722675-1.7-f-72-hu.wav,0.9489602446556091,0,POSITIVE
c10e2b0f-0cb8-4485-b82f-d453edf97db7-1430738955139-1.7-m-04-hu.wav,0.3456491231918335,0.5513739585876465,NEGITIVE
c10e2b0f-0cb8-4485-b82f-d453edf97db7-1430738986076-1.7-f-26-hu.wav,0.5311861038208008,0.3615490794181824,POSITIVE
c10e2b0f-0cb8-4485-b82f-d453edf97db7-1430739158854-1.7-f-26-hu.wav,0.624565601348877,0.2789369523525238,POSITIVE
c10e2b0f-0cb8-4485-b82f-d453edf97db7-1430739179429-1.7-f-26-hu.wav,0.9505208730697632,0,POSITIVE
c25f950a-babe-4425-a544-98387876e0fc-1430764386472-1.7-m-04-ti.wav,0,0.9666659832000732,NEGITIVE
c42e76b9-a4c1-48f6-a91d-27ab83015874-1430706721419-1.7-f-72-hu.wav,0.5623770356178284,0.3439922034740448,POSITIVE
c42e76b9-a4c1-48f6-a91d-27ab83015874-1430706738706-1.7-f-72-hu.wav,0,0.9647241830825806,NEGITIVE
c42e76b9-a4c1-48f6-a91d-27ab83015874-1430706751039-1.7-f-72-dc.wav,0,0.9961711168289185,NEGITIVE
c42e76b9-a4c1-48f6-a91d-27ab83015874-1430737177322-1.7-f-72-hu.wav,0.8697338104248047,0.10717683285474777,POSITIVE
c42e76b9-a4c1-48f6-a91d-27ab83015874-1430737192772-1.7-f-72-hu.wav,0.12444601953029633,0.8289880752563477,NEGITIVE
c49d37ea-7dd6-4457-b3c5-a565be700140-1430750305798-1.7-m-04-hu.wav,0.21608175337314606,0.6736068725585938,NEGITIVE
c49d37ea-7dd6-4457-b3c5-a565be700140-1430750329263-1.7-m-04-hu.wav,0.7076318264007568,0.20953792333602905,POSITIVE
c4cadfec-bde7-4420-912d-50314d8fec73-1436852042155-1.7-m-04-hu.wav,0.5187065005302429,0.30158740282058716,POSITIVE
c66eeb69-5b3d-4826-b2a3-b1f70e3a0ccd-1430735362593-1.7-m-04-hu.wav,0,0.9873726963996887,NEGITIVE
c66eeb69-5b3d-4826-b2a3-b1f70e3a0ccd-1430735373946-1.7-m-04-hu.wav,0,0.9645071029663086,NEGITIVE
c6fd9d60-0fa7-44c0-b3ce-0192527d7b81-1429971951171-1.7-m-04-hu.wav,0.7326676845550537,0.19415420293807983,POSITIVE
c6fd9d60-0fa7-44c0-b3ce-0192527d7b81-1429978271017-1.7-m-04-hu.wav,0.9599761962890625,0,POSITIVE
c6fd9d60-0fa7-44c0-b3ce-0192527d7b81-1430038947807-1.7-m-04-hu.wav,0.8375729322433472,0.1379254013299942,POSITIVE
c6fd9d60-0fa7-44c0-b3ce-0192527d7b81-1430038968282-1.7-m-04-hu.wav,0.9462623000144958,0,POSITIVE
c6fd9d60-0fa7-44c0-b3ce-0192527d7b81-1430066812995-1.7-m-72-hu.wav,0.669714629650116,0.2527170777320862,POSITIVE
c6fd9d60-0fa7-44c0-b3ce-0192527d7b81-1430066825817-1.7-m-72-hu.wav,0.8196808099746704,0.1526227742433548,POSITIVE
c6fd9d60-0fa7-44c0-b3ce-0192527d7b81-1430066834757-1.7-m-72-hu.wav,0.7356197834014893,0.20327165722846985,POSITIVE
c6fd9d60-0fa7-44c0-b3ce-0192527d7b81-1430066847558-1.7-m-72-hu.wav,0.9266387820243835,0,POSITIVE
c6fd9d60-0fa7-44c0-b3ce-0192527d7b81-1430066875568-1.7-m-72-hu.wav,0.8275913000106812,0.13934776186943054,POSITIVE
c6fd9d60-0fa7-44c0-b3ce-0192527d7b81-1430066892327-1.7-m-72-hu.wav,0.9804037809371948,0,POSITIVE
c6fd9d60-0fa7-44c0-b3ce-0192527d7b81-1430068155237-1.7-m-72-hu.wav,0.8926321268081665,0,POSITIVE
c6fd9d60-0fa7-44c0-b3ce-0192527d7b81-1430068167526-1.7-m-72-hu.wav,0.8805409669876099,0.10605662316083908,POSITIVE
c7fef089-4a65-4b75-bfd4-bae0e3518adf-1430754388848-1.7-m-04-hu.wav,0.8244162201881409,0.13531801104545593,POSITIVE
c8fa621d-f18e-485d-9b23-c44fadb6e1d3-1430724173566-1.7-m-04-hu.wav,0.3801630735397339,0.36545929312705994,POSITIVE
c8fa621d-f18e-485d-9b23-c44fadb6e1d3-1430724219852-1.7-m-04-hu.wav,0.8238312005996704,0.13958752155303955,POSITIVE
c93b200a-317f-4005-939b-6fdbbbacf679-1430911492954-1.7-m-04-hu.wav,0.9685764908790588,0,POSITIVE
c93b200a-317f-4005-939b-6fdbbbacf679-1430911528020-1.7-m-04-hu.wav,0.9664754867553711,0,POSITIVE
ca0ee0f9-5aa5-4351-9e51-64f1f3f7817e-1430047436412-1.7-f-04-hu.wav,0.24822041392326355,0.6829828023910522,NEGITIVE
ca0ee0f9-5aa5-4351-9e51-64f1f3f7817e-1430047448008-1.7-f-04-hu.wav,0.436374306678772,0.4452185034751892,NEGITIVE
ca0ee0f9-5aa5-4351-9e51-64f1f3f7817e-1430047457955-1.7-f-04-hu.wav,0.3369162082672119,0.5652158260345459,NEGITIVE
ca0ee0f9-5aa5-4351-9e51-64f1f3f7817e-1430047469240-1.7-f-04-hu.wav,0.6464592218399048,0.28410595655441284,POSITIVE
ca7d8d54-13cb-4060-8db4-90651b60c078-1434674769219-1.7-f-26-hu.wav,0.9613553285598755,0,POSITIVE
ca7d8d54-13cb-4060-8db4-90651b60c078-1434674792223-1.7-f-26-ti.wav,0.9402478337287903,0,POSITIVE
ca876169-c078-4a4b-97b7-e4863b55215b-1435078678648-1.7-f-04-hu.wav,0,0.8784341812133789,NEGITIVE
ca876169-c078-4a4b-97b7-e4863b55215b-1435078699681-1.7-f-04-bp.wav,0.42591968178749084,0.4620051980018616,NEGITIVE
caaf0706-1dbd-467b-ad94-fcf64e6b4be5-1432085604163-1.7-m-04-hu.wav,0.9384473562240601,0,POSITIVE
caaf0706-1dbd-467b-ad94-fcf64e6b4be5-1432085624848-1.7-m-04-hu.wav,0.9745174646377563,0,POSITIVE
caaf0706-1dbd-467b-ad94-fcf64e6b4be5-1432085711444-1.7-m-22-hu.wav,0.8400461673736572,0.13309833407402039,POSITIVE
cda99fcf-d010-47b4-8987-f54be313ddbd-1429973589990-1.7-f-26-hu.wav,0.46270108222961426,0.42945396900177,POSITIVE
cda99fcf-d010-47b4-8987-f54be313ddbd-1429973671256-1.7-f-26-hu.wav,0.3177889287471771,0.5803725123405457,NEGITIVE
cda99fcf-d010-47b4-8987-f54be313ddbd-1429973787766-1.7-f-26-hu.wav,0.989216685295105,0,POSITIVE
cde108d0-62c3-47f8-82c4-233c9fba5cdd-1436884406827-1.7-m-48-hu.wav,0.9809426069259644,0,POSITIVE
cde108d0-62c3-47f8-82c4-233c9fba5cdd-1436884444242-1.7-m-48-hu.wav,0.9833928346633911,0,POSITIVE
cecd525b-18fd-49e3-b2b9-dfb08b93ad95-1430109938154-1.7-m-26-hu.wav,0.2311221957206726,0.683214545249939,NEGITIVE
cecd525b-18fd-49e3-b2b9-dfb08b93ad95-1430109958636-1.7-m-26-hu.wav,0,0.9281243085861206,NEGITIVE
cecd525b-18fd-49e3-b2b9-dfb08b93ad95-1430109967236-1.7-m-26-hu.wav,0,0.9405913352966309,NEGITIVE
cecd525b-18fd-49e3-b2b9-dfb08b93ad95-1430109992978-1.7-m-26-ti.wav,0,0.9519939422607422,NEGITIVE
cecd525b-18fd-49e3-b2b9-dfb08b93ad95-1430110001954-1.7-m-26-ti.wav,0,0.9840942621231079,NEGITIVE
cecd525b-18fd-49e3-b2b9-dfb08b93ad95-1430110016777-1.7-m-26-ti.wav,0,0.9563391208648682,NEGITIVE
cecd525b-18fd-49e3-b2b9-dfb08b93ad95-1430110029205-1.7-m-26-ti.wav,0.3637617230415344,0.5339865684509277,NEGITIVE
cecd525b-18fd-49e3-b2b9-dfb08b93ad95-1430112775047-1.7-m-26-hu.wav,0.3593003451824188,0.5305852293968201,NEGITIVE
cecd525b-18fd-49e3-b2b9-dfb08b93ad95-1430112815426-1.7-m-26-hu.wav,0.4771661162376404,0.3981833755970001,POSITIVE
cecd525b-18fd-49e3-b2b9-dfb08b93ad95-1430112829103-1.7-m-26-hu.wav,0.11746010929346085,0.831788182258606,NEGITIVE
cecd525b-18fd-49e3-b2b9-dfb08b93ad95-1430643175818-1.7-f-26-bu.wav,0.45714837312698364,0.42787331342697144,POSITIVE
ced3b392-4a26-41b9-9589-1b90146a501d-1432489354366-1.7-f-04-hu.wav,0.9546400904655457,0,POSITIVE
ced3b392-4a26-41b9-9589-1b90146a501d-1432489421474-1.7-f-72-hu.wav,0.6903564929962158,0.2247791290283203,POSITIVE
d1e236a0-e030-4137-9030-5625026cd098-1430477951092-1.2-m-04-hu.wav,0.9828637838363647,0,POSITIVE
d1e236a0-e030-4137-9030-5625026cd098-1430477960643-1.2-m-04-hu.wav,0.9797425270080566,0,POSITIVE
d2d67a70-dc24-46b2-99d8-c137f700848c-1436852581895-1.7-f-26-ti.wav,0,0.9410239458084106,NEGITIVE
d3d8a4be-5a09-4012-a1a2-242de4c03ef8-1430032548049-1.7-m-04-hu.wav,0,0.887890100479126,NEGITIVE
d49ea2eb-3cdc-4755-a1a4-7eb031a308d8-1430725992154-1.7-f-04-hu.wav,0,0.973210334777832,NEGITIVE
d49ea2eb-3cdc-4755-a1a4-7eb031a308d8-1430726006886-1.7-f-04-hu.wav,0,0.9921375513076782,NEGITIVE
d5abedab-9ed5-48d0-a83b-fc00c33d6d6b-1430079192907-1.7-f-04-ti.wav,0.40528807044029236,0.47973692417144775,NEGITIVE
d6727dfd-52a9-4daf-b423-e8ed1e8d65c8-1425413562261-1.2-m-72-hu.wav,0.16023799777030945,0.7644611597061157,NEGITIVE
d6727dfd-52a9-4daf-b423-e8ed1e8d65c8-1425413599931-1.2-f-72-hu.wav,0.662015438079834,0.23581455647945404,POSITIVE
d6727dfd-52a9-4daf-b423-e8ed1e8d65c8-1425510545081-1.2-f-26-hu.wav,0,0.9311114549636841,NEGITIVE
d67dba7b-0171-4eb5-a43e-419b58a225e3-1430773776475-1.7-m-04-hu.wav,0,0.9934333562850952,NEGITIVE
d6cda191-4962-4308-9a36-46d5648a95ed-1426942891562-1.4-f-48-dc.wav,0.7034428119659424,0.2243579477071762,POSITIVE
d6cda191-4962-4308-9a36-46d5648a95ed-1427029828938-1.4-m-26-dc.wav,0,0.9936624765396118,NEGITIVE
d6cda191-4962-4308-9a36-46d5648a95ed-1427879319018-1.5-m-26-hu.wav,0.12979906797409058,0.7969485521316528,NEGITIVE
d6cda191-4962-4308-9a36-46d5648a95ed-1427879344207-1.5-m-26-hu.wav,0,0.9969927072525024,NEGITIVE
d6cda191-4962-4308-9a36-46d5648a95ed-1427879387961-1.5-m-26-hu.wav,0.28938162326812744,0.6086046695709229,NEGITIVE
d6cda191-4962-4308-9a36-46d5648a95ed-1427879418223-1.5-m-26-hu.wav,0,0.9278510808944702,NEGITIVE
d6cda191-4962-4308-9a36-46d5648a95ed-1428333797380-1.5-f-26-hu.wav,0.5844513177871704,0.3181283175945282,POSITIVE
d6cda191-4962-4308-9a36-46d5648a95ed-1428333831878-1.5-f-26-hu.wav,0.1138782724738121,0.8495230078697205,NEGITIVE
d6cda191-4962-4308-9a36-46d5648a95ed-1428333853209-1.5-f-26-hu.wav,0.23873648047447205,0.6735923290252686,NEGITIVE
d6cda191-4962-4308-9a36-46d5648a95ed-1428402901927-1.7-m-72-hu.wav,0,0.9987915754318237,NEGITIVE
d6cda191-4962-4308-9a36-46d5648a95ed-1429683218580-1.7-m-04-hu.wav,0,0.9962291717529297,NEGITIVE
d6cda191-4962-4308-9a36-46d5648a95ed-1430640304482-1.7-m-04-hu.wav,0.9888271689414978,0,POSITIVE
d6cda191-4962-4308-9a36-46d5648a95ed-1431086262776-1.7-m-04-ch.wav,0.9761266112327576,0,POSITIVE
d6cda191-4962-4308-9a36-46d5648a95ed-1431159262344-1.7-m-04-bp.wav,0.984439492225647,0,POSITIVE
d6cda191-4962-4308-9a36-46d5648a95ed-1431159272600-1.7-m-04-bp.wav,0.9925917387008667,0,POSITIVE
d6cda191-4962-4308-9a36-46d5648a95ed-1431161889263-1.7-m-04-dc.wav,0.9626069068908691,0,POSITIVE
d6cda191-4962-4308-9a36-46d5648a95ed-1431530152216-1.7-m-04-hu.wav,0,0.9264386892318726,NEGITIVE
d6cda191-4962-4308-9a36-46d5648a95ed-1431587887997-1.7-m-04-ti.wav,0.8148406744003296,0.15252575278282166,POSITIVE
d6cda191-4962-4308-9a36-46d5648a95ed-1431587899682-1.7-m-04-ti.wav,0.9930994510650635,0,POSITIVE
d6cda191-4962-4308-9a36-46d5648a95ed-1431616581736-1.7-m-04-ti.wav,0.9718508720397949,0,POSITIVE
d6cda191-4962-4308-9a36-46d5648a95ed-1431700390946-1.7-m-04-bp.wav,0.9765688180923462,0,POSITIVE
d6cda191-4962-4308-9a36-46d5648a95ed-1431882032820-1.7-m-04-hu.wav,0.9707578420639038,0,POSITIVE
d6cda191-4962-4308-9a36-46d5648a95ed-1431882043380-1.7-m-04-hu.wav,0.8744667768478394,0.1032809317111969,POSITIVE
d724fe27-4196-4029-b7fa-c2ad16b937d3-1437014249692-1.7-m-04-hu.wav,0.790608286857605,0.171056866645813,POSITIVE
d7487f8e-c68d-4900-b92b-022a3e756d75-1430002769009-1.7-f-04-hu.wav,0.9187883138656616,0,POSITIVE
d79affbc-f7b4-4ef0-ae57-be5da4b827bf-1430761514476-1.7-m-72-hu.wav,0.939949631690979,0,POSITIVE
d79affbc-f7b4-4ef0-ae57-be5da4b827bf-1430761528998-1.7-m-72-hu.wav,0.7914289832115173,0.1642392873764038,POSITIVE
d85d0128-3f71-4e38-a434-1bce3b1ece8c-1430735139675-1.7-m-04-hu.wav,0.19890958070755005,0.7049274444580078,NEGITIVE
d925cba7-30a1-4cc2-9363-298fe8ec586a-1431425117815-1.7-m-04-hu.wav,0.4891536831855774,0.40469837188720703,POSITIVE
dc5429de-26b4-48e2-bc47-bc607b9bba06-1430741828918-1.7-f-72-hu.wav,0.8787821531295776,0.10074540972709656,POSITIVE
df4f299f-ca20-4efd-a150-288dbf634835-1436988235593-1.7-m-04-hu.wav,0,0.9950602054595947,NEGITIVE
df4f299f-ca20-4efd-a150-288dbf634835-1436988250418-1.7-m-04-hu.wav,0.17051616311073303,0.7838985919952393,NEGITIVE
df4f299f-ca20-4efd-a150-288dbf634835-1436988282019-1.7-m-48-hu.wav,0,0.9835706949234009,NEGITIVE
df4f299f-ca20-4efd-a150-288dbf634835-1436988506716-1.7-m-72-hu.wav,0.47406721115112305,0.43677210807800293,POSITIVE
e0717ce2-da25-417c-89a5-58d7175f4a6d-1436966513203-1.7-m-26-hu.wav,0.7544965744018555,0.1564624309539795,POSITIVE
e0cc5beb-50e5-46ef-852e-c92106216e62-1430143334661-1.7-m-04-hu.wav,0.9073823094367981,0,POSITIVE
e1e640e2-78cb-4cb7-9ccc-93813bfc251c-1430738450595-1.7-m-04-hu.wav,0.8151330947875977,0.14150753617286682,POSITIVE
e1e640e2-78cb-4cb7-9ccc-93813bfc251c-1430738464300-1.7-m-04-hu.wav,0.4788891077041626,0.40050995349884033,POSITIVE
e1e640e2-78cb-4cb7-9ccc-93813bfc251c-1430738493260-1.7-m-04-hu.wav,0.9560320973396301,0,POSITIVE
e1e640e2-78cb-4cb7-9ccc-93813bfc251c-1430738504143-1.7-m-04-hu.wav,0.7812819480895996,0.17131388187408447,POSITIVE
e1e640e2-78cb-4cb7-9ccc-93813bfc251c-1430738640598-1.7-m-72-hu.wav,0.981427013874054,0,POSITIVE
e1e640e2-78cb-4cb7-9ccc-93813bfc251c-1430738652322-1.7-m-72-hu.wav,0,0,Corrupted
e36730a9-d62b-4752-856f-b42feb1585df-1429975817524-1.7-m-04-hu.wav,0.9565984010696411,0,POSITIVE
e37c323c-0edb-4942-be47-3cc0b2de00a1-1434392919844-1.7-f-26-hu.wav,0.9866591095924377,0,POSITIVE
e37c323c-0edb-4942-be47-3cc0b2de00a1-1434392936735-1.7-f-26-hu.wav,0.9861135482788086,0,POSITIVE
e37c323c-0edb-4942-be47-3cc0b2de00a1-1434392997399-1.7-f-26-hu.wav,0.7203404903411865,0.21986860036849976,POSITIVE
e37c323c-0edb-4942-be47-3cc0b2de00a1-1434393015959-1.7-f-26-hu.wav,0.9306374788284302,0,POSITIVE
e37c323c-0edb-4942-be47-3cc0b2de00a1-1434393139907-1.7-f-26-hu.wav,0,0.9889469146728516,NEGITIVE
e3ff181d-f72e-4b72-b23b-b10d1435000e-1430733199223-1.7-m-04-hu.wav,0.27125445008277893,0.6429229974746704,NEGITIVE
e4051e62-d21d-4bb8-a235-fd7e859ad787-1430739642389-1.7-m-04-hu.wav,0,0.9613437652587891,NEGITIVE
e4051e62-d21d-4bb8-a235-fd7e859ad787-1430739655763-1.7-m-04-hu.wav,0.9800264835357666,0,POSITIVE
e4051e62-d21d-4bb8-a235-fd7e859ad787-1430739883076-1.7-f-72-hu.wav,0.39658766984939575,0.5159812569618225,NEGITIVE
e4051e62-d21d-4bb8-a235-fd7e859ad787-1430740594178-1.7-f-72-hu.wav,0,0.9959469437599182,NEGITIVE
e4051e62-d21d-4bb8-a235-fd7e859ad787-1430740613780-1.7-f-72-hu.wav,0.9853737950325012,0,POSITIVE
e69d5ec8-7a12-4068-adac-782afaba582a-1430128241921-1.7-m-26-hu.wav,0.9186522960662842,0,POSITIVE
ec5cbc58-234a-4966-8927-0faa12d19275-1436861533074-1.7-f-26-hu.wav,0.20976480841636658,0.6849013566970825,NEGITIVE
ec645ca6-38b7-4d16-82e0-1e9dd524c683-1431621796072-1.7-m-04-hu.wav,0,0.9561979174613953,NEGITIVE
ecc080a5-0124-4174-a218-08820ab503aa-1430091774652-1.7-m-26-hu.wav,0.5788280963897705,0.2791063189506531,POSITIVE
ecc080a5-0124-4174-a218-08820ab503aa-1430091798000-1.7-m-26-dc.wav,0.6052948236465454,0.25465160608291626,POSITIVE
ecc080a5-0124-4174-a218-08820ab503aa-1430092447223-1.7-m-26-bu.wav,0.5120165348052979,0.33602675795555115,POSITIVE
eccb4617-8373-4c4f-b49e-bb2d72bce8d8-1430034980082-1.7-m-26-hu.wav,0.45195677876472473,0.46021103858947754,NEGITIVE
eccb4617-8373-4c4f-b49e-bb2d72bce8d8-1430035016195-1.7-m-26-hu.wav,0.23768460750579834,0.6923860907554626,NEGITIVE
eccb4617-8373-4c4f-b49e-bb2d72bce8d8-1430035348191-1.7-m-26-hu.wav,0.9633092880249023,0,POSITIVE
ecd99605-7cba-4fc2-ab88-8de16fcee09b-1430735552638-1.7-f-26-bp.wav,0.7381812334060669,0.20191988348960876,POSITIVE
ed31b187-34af-4ff1-979c-3b8a5905fb7b-1430044808480-1.7-m-04-hu.wav,0,0,Corrupted
ed31b187-34af-4ff1-979c-3b8a5905fb7b-1430044853892-1.7-f-04-hu.wav,0.8012454509735107,0.14822912216186523,POSITIVE
ed31b187-34af-4ff1-979c-3b8a5905fb7b-1430044897699-1.7-f-48-hu.wav,0.894770622253418,0,POSITIVE
ed31b187-34af-4ff1-979c-3b8a5905fb7b-1430045366784-1.7-f-04-hu.wav,0.9123270511627197,0,POSITIVE
ed31b187-34af-4ff1-979c-3b8a5905fb7b-1430045392656-1.7-f-04-hu.wav,0.7572291493415833,0.18131868541240692,POSITIVE
edb5924c-07ba-4eaa-838b-aaf9511a219b-1431894189631-1.7-m-48-hu.wav,0.9494810104370117,0,POSITIVE
edb5924c-07ba-4eaa-838b-aaf9511a219b-1431899400326-1.7-m-48-hu.wav,0.9876962304115295,0,POSITIVE
ee2200bd-6c37-4d92-857c-261bf531f138-1430703288106-1.7-m-48-hu.wav,0.1651233434677124,0.7573556303977966,NEGITIVE
eea17285-4ab9-4d34-a2f5-55fc8c866ac6-1431887695278-1.7-f-26-ti.wav,0,0.941398024559021,NEGITIVE
efd13da0-d40e-48bc-b14e-dee28af4d3c6-1430728027362-1.7-m-04-hu.wav,0.4274426996707916,0.48563510179519653,NEGITIVE
efd13da0-d40e-48bc-b14e-dee28af4d3c6-1430728036267-1.7-m-04-hu.wav,0.4748123288154602,0.3898214101791382,POSITIVE
efd13da0-d40e-48bc-b14e-dee28af4d3c6-1430728096874-1.7-f-72-bu.wav,0.5218778848648071,0.3877701759338379,POSITIVE
efd13da0-d40e-48bc-b14e-dee28af4d3c6-1430728157047-1.7-f-72-hu.wav,0.9849947094917297,0,POSITIVE
efd13da0-d40e-48bc-b14e-dee28af4d3c6-1430728179252-1.7-m-22-hu.wav,0.8719186782836914,0.11631277203559875,POSITIVE
efd13da0-d40e-48bc-b14e-dee28af4d3c6-1430761070609-1.7-f-26-bp.wav,0.5910171270370483,0.31560951471328735,POSITIVE
efe88100-5606-470b-a687-a799f2048573-1430032164398-1.7-m-72-hu.wav,0,0.9956670999526978,NEGITIVE
f258a8e2-92cd-4843-9da4-80ed26ec8e10-1436944996156-1.7-f-26-ch.wav,0.8952515721321106,0,POSITIVE
f29c8526-92ea-450c-aaf3-965b99725dc7-1437001374115-1.7-f-26-ch.wav,0,0.9959949851036072,NEGITIVE
f29c8526-92ea-450c-aaf3-965b99725dc7-1437001388513-1.7-f-04-ch.wav,0,0.9759412407875061,NEGITIVE
f29c8526-92ea-450c-aaf3-965b99725dc7-1437001432478-1.7-f-04-dc.wav,0,0.9719656705856323,NEGITIVE
f39330f7-a3d1-4679-abd2-47a870e53583-1430862504030-1.7-f-22-hu.wav,0.2864726185798645,0.6337946653366089,NEGITIVE
f39330f7-a3d1-4679-abd2-47a870e53583-1430862545838-1.7-f-22-hu.wav,0.6657870411872864,0.2472955584526062,POSITIVE
f3f7baa7-6cc5-4ab8-9cec-922581e5c8a5-1437456549370-1.7-m-04-hu.wav,0.8006054162979126,0.15176081657409668,POSITIVE
f46450e1-c269-4f28-8e41-c339b818120d-1430144591073-1.7-m-26-hu.wav,0.11706230044364929,0.8077354431152344,NEGITIVE
f4c4b757-8b39-4322-aea0-89f3e7003756-1430308681759-1.7-m-72-hu.wav,0.7217237949371338,0.20818355679512024,POSITIVE
f5b29377-7cd6-4688-942c-5a07add39dc5-1437178455960-1.7-f-26-hu.wav,0.9692111015319824,0,POSITIVE
f5b29377-7cd6-4688-942c-5a07add39dc5-1437480263225-1.7-f-26-dc.wav,0.9902591109275818,0,POSITIVE
f83af5c2-afa6-45fe-a555-1121d4742b52-1434660073288-1.7-m-48-hu.wav,0.8628532886505127,0.1193491518497467,POSITIVE
f83af5c2-afa6-45fe-a555-1121d4742b52-1434660108738-1.7-m-48-hu.wav,0.9828760623931885,0,POSITIVE
f896b69d-6241-4b51-9c45-0d628bc827c1-1430090255303-1.7-m-04-hu.wav,0.9535143375396729,0,POSITIVE
f896b69d-6241-4b51-9c45-0d628bc827c1-1430090274181-1.7-m-04-hu.wav,0.5746724605560303,0.3242914378643036,POSITIVE
f896b69d-6241-4b51-9c45-0d628bc827c1-1430090400166-1.7-m-72-hu.wav,0.9457129240036011,0,POSITIVE
fa8620d3-e7db-4101-aff0-28dbf0d96a5f-1429973911232-1.7-m-04-hu.wav,0.958484411239624,0,POSITIVE
fa8620d3-e7db-4101-aff0-28dbf0d96a5f-1429973933454-1.7-f-04-hu.wav,0.507514238357544,0.4085242450237274,POSITIVE
fa8620d3-e7db-4101-aff0-28dbf0d96a5f-1434296461782-1.7-f-04-hu.wav,0,0.9740729331970215,NEGITIVE
fa8620d3-e7db-4101-aff0-28dbf0d96a5f-1434296505682-1.7-f-04-hu.wav,0.979303240776062,0,POSITIVE
fa8620d3-e7db-4101-aff0-28dbf0d96a5f-1434465485354-1.7-f-04-hu.wav,0.973046064376831,0,POSITIVE
ffc2e669-ad4a-496b-abae-0051a89db3a7-1436871927104-1.7-f-72-hu.wav,0.934423565864563,0,POSITIVE
